time_ms, data_main_bno_accx_mss, data_main_bno_accy_mss, data_main_bno_accz_mss, data_main_bno_qw, data_main_bno_qx, data_main_bno_qy, data_main_bno_qz, data_main_bno_roll, data_main_bno_pitch,data_main_bno_yaw, estimated_altitude_lake_m, altitude_dps_urm_offset_m.get(), flight_phase, speed_level, data_main_dps_pressure_hPa, data_main_dps_temperature_deg, data_main_dps_altitude_m, data_under_dps_pressure_hPa, data_under_dps_temperature_deg,data_under_dps_altitude_m, data_under_urm_altitude_m, data_air_dps_pressure_hPa, data_air_dps_temperature_deg, data_air_dps_altitude_m, data_air_sdp_differentialPressure_Pa, data_air_sdp_airspeed_ms, data_air_AoA_angle_deg, data_air_AoS_angle_deg,data_ics_angle, data_air_bno_accx_mss, data_air_bno_accy_mss, data_air_bno_accz_mss, data_air_bno_qw, data_air_bno_qx, data_air_bno_qy, data_air_bno_qz, data_air_bno_roll, data_air_bno_pitch, data_air_bno_yaw,data_main_gps_hour, data_main_gps_minute, data_main_gps_second, data_main_gps_centisecond, data_main_gps_latitude_deg, data_main_gps_longitude_deg, data_main_gps_altitude_m,data_main_gps_groundspeed_ms
6080,0.02,-0.89,9.41,1.00,-0.05,-0.00,0.00,-0.23,5.92,0.06,10.60,0.00,0,2,1003.29,33.60,88.73,0.00,0.00,0.00,0.00,0.00,0.00,0.00,0.00,0.00,0.00,0.00,8444,0.00,0.00,0.00,0.00,0.00,0.00,0.00,0.00,0.00,0.00,23,59,45,86, 0.0000000, 0.0000000, 0.00, 0.00
6131,0.01,-0.89,9.56,1.00,-0.05,-0.00,0.00,-0.23,5.91,0.06,42.53,0.00,0,2,1003.28,33.59,88.81,1003.29,33.48,88.70,10.00,0.00,0.00,0.00,0.00,0.00,0.00,0.00,8445,0.00,0.00,0.00,0.00,0.00,0.00,0.00,0.00,0.00,0.00,23,59,45,86, 0.0000000, 0.0000000, 0.00, 0.00
6187,0.05,-0.82,9.50,1.00,-0.05,-0.00,0.00,-0.24,5.88,0.06,58.49,0.00,0,2,1003.29,33.60,88.76,1003.29,33.47,88.69,10.00,0.00,0.00,0.00,0.00,0.00,0.00,0.00,8445,0.00,0.00,0.00,0.00,0.00,0.00,0.00,0.00,0.00,0.00,23,59,45,86, 0.0000000, 0.0000000, 0.00, 0.00
6248,-0.08,-0.87,9.62,1.00,-0.05,-0.00,0.00,-0.24,5.88,0.06,86.94,0.00,0,2,1003.29,33.59,88.77,1003.30,33.46,88.67,10.00,0.00,0.00,0.00,0.00,0.00,0.00,0.00,8444,0.00,0.00,0.00,0.00,0.00,0.00,0.00,0.00,0.00,0.00,23,59,45,86, 0.0000000, 0.0000000, 0.00, 0.00
6306,0.12,-0.91,10.50,1.00,-0.05,-0.00,0.00,-0.19,5.88,0.06,85.16,0.00,0,2,1003.29,33.60,88.78,1003.30,33.48,88.62,10.00,0.00,0.00,0.00,0.00,0.00,0.00,0.00,8445,0.00,0.00,0.00,0.00,0.00,0.00,0.00,0.00,0.00,0.00,23,59,46,86, 0.0000000, 0.0000000, 0.00, 0.00
6366,0.06,-0.99,9.28,1.00,-0.05,-0.00,0.00,-0.17,5.92,0.06,81.62,0.00,0,2,1003.29,33.61,88.78,1003.31,33.46,88.53,10.00,0.00,0.00,0.00,0.00,0.00,0.00,0.00,8444,0.00,0.00,0.00,0.00,0.00,0.00,0.00,0.00,0.00,0.00,23,59,46,86, 0.0000000, 0.0000000, 0.00, 0.00
6426,-0.12,-0.69,9.55,1.00,-0.05,-0.00,0.00,-0.15,5.92,0.06,78.07,0.00,0,2,1003.29,33.60,88.76,1003.32,33.46,88.47,10.00,0.00,0.00,0.00,0.00,0.00,0.00,0.00,8445,0.00,0.00,0.00,0.00,0.00,0.00,0.00,0.00,0.00,0.00,23,59,46,86, 0.0000000, 0.0000000, 0.00, 0.00
6487,-0.25,-0.84,9.29,1.00,-0.05,-0.00,0.00,-0.14,5.89,0.06,74.52,0.00,0,2,1003.29,33.60,88.78,1003.31,33.45,88.49,10.00,0.00,0.00,0.00,0.00,0.00,0.00,0.00,8444,0.00,0.00,0.00,0.00,0.00,0.00,0.00,0.00,0.00,0.00,23,59,46,86, 0.0000000, 0.0000000, 0.00, 0.00
6546,0.00,-0.82,9.64,1.00,-0.05,-0.00,0.00,-0.11,5.86,0.05,70.96,0.00,0,2,1003.29,33.61,88.79,1003.32,33.45,88.48,10.00,0.00,0.00,0.00,0.00,0.00,0.00,0.00,8444,0.00,0.00,0.00,0.00,0.00,0.00,0.00,0.00,0.00,0.00,23,59,46,86, 0.0000000, 0.0000000, 0.00, 0.00
6608,0.26,-0.84,9.30,1.00,-0.05,-0.00,0.00,-0.10,5.87,0.05,67.42,0.00,0,2,1003.29,33.60,88.77,1003.32,33.44,88.45,10.00,0.00,0.00,0.00,0.00,0.00,0.00,0.00,8445,0.00,0.00,0.00,0.00,0.00,0.00,0.00,0.00,0.00,0.00,23,59,46,86, 0.0000000, 0.0000000, 0.00, 0.00
6666,0.13,-1.03,9.67,1.00,-0.05,-0.00,0.00,-0.12,5.86,0.05,63.87,0.00,0,2,1003.29,33.61,88.77,1003.33,33.44,88.40,10.00,0.00,0.00,0.00,0.00,0.00,0.00,0.00,8445,0.00,0.00,0.00,0.00,0.00,0.00,0.00,0.00,0.00,0.00,23,59,46,86, 0.0000000, 0.0000000, 0.00, 0.00
6726,-0.23,-1.06,9.28,1.00,-0.05,-0.00,0.00,-0.14,5.87,0.06,60.32,0.00,0,2,1003.29,33.61,88.79,1003.32,33.46,88.41,10.00,0.00,0.00,0.00,0.00,0.00,0.00,0.00,8446,0.00,0.00,0.00,0.00,0.00,0.00,0.00,0.00,0.00,0.00,23,59,46,86, 0.0000000, 0.0000000, 0.00, 0.00
6786,0.16,-0.67,9.60,1.00,-0.05,-0.00,0.00,-0.14,5.84,0.04,56.78,0.00,0,2,1003.29,33.61,88.79,1003.32,33.44,88.42,10.00,0.00,0.00,0.00,0.00,0.00,0.00,0.00,8445,0.00,0.00,0.00,0.00,0.00,0.00,0.00,0.00,0.00,0.00,23,59,46,86, 0.0000000, 0.0000000, 0.00, 0.00
6846,-0.22,-0.96,9.41,1.00,-0.05,-0.00,0.00,-0.14,5.84,0.04,53.22,0.00,0,2,1003.29,33.61,88.77,1003.31,33.43,88.52,10.00,0.00,0.00,0.00,0.00,0.00,0.00,0.00,8444,0.00,0.00,0.00,0.00,0.00,0.00,0.00,0.00,0.00,0.00,23,59,46,86, 0.0000000, 0.0000000, 0.00, 0.00
6906,-0.09,-0.68,9.58,1.00,-0.05,-0.00,0.00,-0.12,5.81,0.03,49.66,0.00,0,2,1003.29,33.61,88.74,1003.31,33.44,88.54,10.00,0.00,0.00,0.00,0.00,0.00,0.00,0.00,8445,0.00,0.00,0.00,0.00,0.00,0.00,0.00,0.00,0.00,0.00,23,59,46,86, 0.0000000, 0.0000000, 0.00, 0.00
6965,-0.10,-0.92,9.49,1.00,-0.05,-0.00,0.00,-0.09,5.80,0.03,46.10,0.00,0,2,1003.29,33.60,88.74,1003.32,33.44,88.47,10.00,0.00,0.00,0.00,0.00,0.00,0.00,0.00,8445,0.00,0.00,0.00,0.00,0.00,0.00,0.00,0.00,0.00,0.00,23,59,46,86, 0.0000000, 0.0000000, 0.00, 0.00
7025,-0.10,-0.81,9.51,1.00,-0.05,-0.00,0.00,-0.06,5.79,0.03,42.56,0.00,0,2,1003.29,33.60,88.79,1003.31,33.43,88.54,0.35,0.00,0.00,0.00,0.00,0.00,0.00,0.00,8445,0.00,0.00,0.00,0.00,0.00,0.00,0.00,0.00,0.00,0.00,23,59,46,86, 0.0000000, 0.0000000, 0.00, 0.00
7077,-0.17,-0.89,9.59,1.00,-0.05,-0.00,0.00,-0.05,5.77,0.03,40.79,0.00,0,2,1003.29,33.59,88.78,1003.32,33.44,88.47,0.35,0.00,0.00,0.00,0.00,0.00,0.00,0.00,8444,0.00,0.00,0.00,0.00,0.00,0.00,0.00,0.00,0.00,0.00,23,59,46,86, 0.0000000, 0.0000000, 0.00, 0.00
7130,0.10,-0.76,9.73,1.00,-0.05,-0.00,0.00,-0.05,5.74,0.03,37.26,0.00,0,2,1003.28,33.62,88.81,1003.31,33.43,88.49,0.35,0.00,0.00,0.00,0.00,0.00,0.00,0.00,8445,0.00,0.00,0.00,0.00,0.00,0.00,0.00,0.00,0.00,0.00,23,59,46,86, 0.0000000, 0.0000000, 0.00, 0.00
7186,0.16,-0.91,9.37,1.00,-0.05,-0.00,0.00,-0.07,5.72,0.03,33.71,0.00,0,2,1003.29,33.60,88.80,1003.32,33.43,88.48,0.35,0.00,0.00,0.00,0.00,0.00,0.00,0.00,8445,0.00,0.00,0.00,0.00,0.00,0.00,0.00,0.00,0.00,0.00,23,59,46,86, 0.0000000, 0.0000000, 0.00, 0.00
7238,-0.20,-1.19,9.57,1.00,-0.05,-0.00,0.00,-0.07,5.71,0.03,30.17,0.00,0,2,1003.28,33.58,88.86,1003.31,33.43,88.55,0.35,0.00,0.00,0.00,0.00,0.00,0.00,0.00,8443,0.00,0.00,0.00,0.00,0.00,0.00,0.00,0.00,0.00,0.00,23,59,46,86, 0.0000000, 0.0000000, 0.00, 0.00
7295,-0.13,-0.91,9.38,1.00,-0.05,-0.00,0.00,-0.06,5.72,0.03,28.40,0.00,0,2,1003.28,33.58,88.83,1003.31,33.44,88.53,0.35,0.00,0.00,0.00,0.00,0.00,0.00,0.00,8445,0.00,0.00,0.00,0.00,0.00,0.00,0.00,0.00,0.00,0.00,23,59,46,86, 0.0000000, 0.0000000, 0.00, 0.00
7346,-0.14,-0.83,9.50,1.00,-0.05,-0.00,0.00,-0.07,5.70,0.03,24.86,0.00,0,2,1003.28,33.59,88.83,1003.31,33.42,88.55,0.35,0.00,0.00,0.00,0.00,0.00,0.00,0.00,8445,0.00,0.00,0.00,0.00,0.00,0.00,0.00,0.00,0.00,0.00,23,59,46,86, 0.0000000, 0.0000000, 0.00, 0.00
7399,0.02,-0.89,9.38,1.00,-0.05,-0.00,0.00,-0.05,5.70,0.03,21.30,0.00,0,2,1003.28,33.60,88.81,1003.30,33.42,88.58,0.35,0.00,0.00,0.00,0.00,0.00,0.00,0.00,8444,0.00,0.00,0.00,0.00,0.00,0.00,0.00,0.00,0.00,0.00,23,59,46,86, 0.0000000, 0.0000000, 0.00, 0.00
7455,0.05,-0.89,9.45,1.00,-0.05,-0.00,0.00,-0.05,5.69,0.03,17.75,0.00,0,2,1003.28,33.61,88.86,1003.30,33.42,88.63,0.35,0.00,0.00,0.00,0.00,0.00,0.00,0.00,8444,0.00,0.00,0.00,0.00,0.00,0.00,0.00,0.00,0.00,0.00,23,59,46,86, 0.0000000, 0.0000000, 0.00, 0.00
7506,-0.18,-0.69,9.48,1.00,-0.05,-0.00,0.00,-0.05,5.68,0.06,15.97,0.00,0,2,1003.29,33.61,88.79,1003.30,33.42,88.65,0.35,0.00,0.00,0.00,0.00,0.00,0.00,0.00,8444,0.00,0.00,0.00,0.00,0.00,0.00,0.00,0.00,0.00,0.00,23,59,46,86, 0.0000000, 0.0000000, 0.00, 0.00
7564,0.17,-0.91,9.78,1.00,-0.05,-0.00,0.00,-0.03,5.67,0.11,12.41,0.00,0,2,1003.28,33.59,88.83,1003.30,33.43,88.63,0.35,0.00,0.00,0.00,0.00,0.00,0.00,0.00,8445,0.00,0.00,0.00,0.00,0.00,0.00,0.00,0.00,0.00,0.00,23,59,46,86, 0.0000000, 0.0000000, 0.00, 0.00
7616,-0.11,-1.03,9.37,1.00,-0.05,-0.00,0.00,-0.01,5.69,0.18,10.63,0.00,0,2,1003.28,33.58,88.85,1003.31,33.41,88.56,0.35,0.00,0.00,0.00,0.00,0.00,0.00,0.00,8445,0.00,0.00,0.00,0.00,0.00,0.00,0.00,0.00,0.00,0.00,23,59,46,86, 0.0000000, 0.0000000, 0.00, 0.00
7668,-0.01,-0.78,9.66,1.00,-0.05,-0.00,0.00,-0.00,5.70,0.20,10.64,0.00,0,2,1003.28,33.60,88.83,1003.30,33.42,88.58,0.35,0.00,0.00,0.00,0.00,0.00,0.00,0.00,8444,0.00,0.00,0.00,0.00,0.00,0.00,0.00,0.00,0.00,0.00,23,59,46,86, 0.0000000, 0.0000000, 0.00, 0.00
7725,-0.02,-0.81,9.16,1.00,-0.05,-0.00,0.00,-0.00,5.70,0.18,10.64,0.00,0,2,1003.28,33.60,88.81,1003.30,33.43,88.62,0.35,0.00,0.00,0.00,0.00,0.00,0.00,0.00,8445,0.00,0.00,0.00,0.00,0.00,0.00,0.00,0.00,0.00,0.00,23,59,46,86, 0.0000000, 0.0000000, 0.00, 0.00
7777,0.11,-0.57,9.59,1.00,-0.05,0.00,0.00,0.01,5.66,0.15,10.62,0.00,0,2,1003.28,33.61,88.82,1003.30,33.40,88.62,0.35,0.00,0.00,0.00,0.00,0.00,0.00,0.00,8445,0.00,0.00,0.00,0.00,0.00,0.00,0.00,0.00,0.00,0.00,23,59,46,86, 0.0000000, 0.0000000, 0.00, 0.00
7829,-0.14,-0.98,9.47,1.00,-0.05,0.00,0.00,0.02,5.65,0.14,10.61,0.00,0,2,1003.28,33.59,88.84,1003.30,33.41,88.61,0.35,0.00,0.00,0.00,0.00,0.00,0.00,0.00,8445,0.00,0.00,0.00,0.00,0.00,0.00,0.00,0.00,0.00,0.00,23,59,46,86, 0.0000000, 0.0000000, 0.00, 0.00
7885,0.20,-0.95,9.83,1.00,-0.05,0.00,0.00,0.02,5.65,0.17,10.61,0.00,0,2,1003.29,33.60,88.80,1003.30,33.40,88.61,0.35,0.00,0.00,0.00,0.00,0.00,0.00,0.00,8444,0.00,0.00,0.00,0.00,0.00,0.00,0.00,0.00,0.00,0.00,23,59,46,86, 0.0000000, 0.0000000, 0.00, 0.00
7938,0.14,-0.91,9.57,1.00,-0.05,0.00,0.00,0.01,5.66,0.19,10.61,0.00,0,2,1003.29,33.60,88.80,1003.30,33.39,88.60,0.35,0.00,0.00,0.00,0.00,0.00,0.00,0.00,8444,0.00,0.00,0.00,0.00,0.00,0.00,0.00,0.00,0.00,0.00,23,59,46,86, 0.0000000, 0.0000000, 0.00, 0.00
7995,0.28,-0.46,9.62,1.00,-0.05,-0.00,0.00,-0.02,5.66,0.18,10.60,0.00,0,2,1003.28,33.60,88.81,1003.30,33.41,88.61,0.35,0.00,0.00,0.00,0.00,0.00,0.00,0.00,8444,0.00,0.00,0.00,0.00,0.00,0.00,0.00,0.00,0.00,0.00,23,59,46,86, 0.0000000, 0.0000000, 0.00, 0.00
8047,-0.54,-1.05,9.34,1.00,-0.05,-0.00,0.00,-0.03,5.65,0.18,10.61,0.00,0,2,1003.28,33.59,88.82,1003.29,33.40,88.67,0.48,0.00,0.00,0.00,0.00,0.00,0.00,0.00,8445,0.00,0.00,0.00,0.00,0.00,0.00,0.00,0.00,0.00,0.00,23,59,46,86, 0.0000000, 0.0000000, 0.00, 0.00
8103,-0.39,-0.70,9.65,1.00,-0.05,-0.00,0.00,-0.06,5.63,0.19,10.62,0.00,0,2,1003.28,33.59,88.84,1003.30,33.39,88.64,0.47,0.00,0.00,0.00,0.00,0.00,0.00,0.00,8445,0.00,0.00,0.00,0.00,0.00,0.00,0.00,0.00,0.00,0.00,23,59,46,86, 0.0000000, 0.0000000, 0.00, 0.00
8155,-0.14,-0.81,9.49,1.00,-0.05,-0.00,0.00,-0.04,5.63,0.18,10.62,0.00,0,2,1003.28,33.60,88.84,1003.29,33.40,88.64,0.47,0.00,0.00,0.00,0.00,0.00,0.00,0.00,8444,0.00,0.00,0.00,0.00,0.00,0.00,0.00,0.00,0.00,0.00,23,59,46,86, 0.0000000, 0.0000000, 0.00, 0.00
8209,0.09,-0.97,9.45,1.00,-0.05,-0.00,0.00,-0.03,5.62,0.19,10.63,0.00,0,2,1003.28,33.60,88.85,1003.30,33.39,88.65,0.47,0.00,0.00,0.00,0.00,0.00,0.00,0.00,8446,0.00,0.00,0.00,0.00,0.00,0.00,0.00,0.00,0.00,0.00,23,59,46,86, 0.0000000, 0.0000000, 0.00, 0.00
8265,0.16,-0.91,9.38,1.00,-0.05,-0.00,0.00,-0.04,5.62,0.19,10.64,0.00,0,2,1003.28,33.59,88.87,1003.29,33.40,88.66,0.55,0.00,0.00,0.00,0.00,0.00,0.00,0.00,8445,0.00,0.00,0.00,0.00,0.00,0.00,0.00,0.00,0.00,0.00,23,59,48,86, 0.0000000, 0.0000000, 0.00, 0.00
8316,0.02,-0.96,9.36,1.00,-0.05,-0.00,0.00,-0.03,5.62,0.19,10.64,0.00,0,2,1003.28,33.60,88.85,1003.29,33.39,88.66,0.47,0.00,0.00,0.00,0.00,0.00,0.00,0.00,8445,0.00,0.00,0.00,0.00,0.00,0.00,0.00,0.00,0.00,0.00,23,59,48,86, 0.0000000, 0.0000000, 0.00, 0.00
8370,-0.01,-0.93,9.58,1.00,-0.05,-0.00,0.00,-0.03,5.62,0.19,10.63,0.00,0,2,1003.28,33.59,88.85,1003.29,33.39,88.70,0.46,0.00,0.00,0.00,0.00,0.00,0.00,0.00,8444,0.00,0.00,0.00,0.00,0.00,0.00,0.00,0.00,0.00,0.00,23,59,48,86, 0.0000000, 0.0000000, 0.00, 0.00
8425,0.05,-0.88,9.55,1.00,-0.05,-0.00,0.00,-0.03,5.62,0.19,10.62,0.00,0,2,1003.28,33.60,88.81,1003.29,33.39,88.67,0.46,0.00,0.00,0.00,0.00,0.00,0.00,0.00,8447,0.00,0.00,0.00,0.00,0.00,0.00,0.00,0.00,0.00,0.00,23,59,48,86, 0.0000000, 0.0000000, 0.00, 0.00
8477,0.02,-0.85,9.55,1.00,-0.05,-0.00,0.00,-0.04,5.61,0.19,10.61,0.00,0,2,1003.28,33.60,88.85,1003.29,33.38,88.68,0.47,0.00,0.00,0.00,0.00,0.00,0.00,0.00,8444,0.00,0.00,0.00,0.00,0.00,0.00,0.00,0.00,0.00,0.00,23,59,48,86, 0.0000000, 0.0000000, 0.00, 0.00
8530,0.01,-0.78,9.57,1.00,-0.05,-0.00,0.00,-0.03,5.60,0.19,10.60,0.00,0,2,1003.29,33.59,88.80,1003.29,33.39,88.64,0.47,0.00,0.00,0.00,0.00,0.00,0.00,0.00,8444,0.00,0.00,0.00,0.00,0.00,0.00,0.00,0.00,0.00,0.00,23,59,48,86, 0.0000000, 0.0000000, 0.00, 0.00
8584,0.01,-0.85,9.59,1.00,-0.05,-0.00,0.00,-0.02,5.59,0.19,10.60,0.00,0,2,1003.28,33.60,88.83,1003.29,33.38,88.66,0.46,0.00,0.00,0.00,0.00,0.00,0.00,0.00,8445,0.00,0.00,0.00,0.00,0.00,0.00,0.00,0.00,0.00,0.00,23,59,48,86, 0.0000000, 0.0000000, 0.00, 0.00
8637,0.02,-0.90,9.59,1.00,-0.05,-0.00,0.00,-0.02,5.59,0.19,10.60,0.00,0,2,1003.28,33.60,88.84,1003.30,33.39,88.61,0.60,0.00,0.00,0.00,0.00,0.00,0.00,0.00,8445,0.00,0.00,0.00,0.00,0.00,0.00,0.00,0.00,0.00,0.00,23,59,48,86, 0.0000000, 0.0000000, 0.00, 0.00
8694,-0.13,-0.84,9.40,1.00,-0.05,-0.00,0.00,-0.02,5.58,0.19,10.60,0.00,0,2,1003.29,33.61,88.81,1003.30,33.39,88.61,0.57,0.00,0.00,0.00,0.00,0.00,0.00,0.00,8444,0.00,0.00,0.00,0.00,0.00,0.00,0.00,0.00,0.00,0.00,23,59,48,86, 0.0000000, 0.0000000, 0.00, 0.00
8745,0.12,-0.88,9.50,1.00,-0.05,-0.00,0.00,-0.03,5.58,0.19,10.59,0.00,0,2,1003.29,33.61,88.79,1003.30,33.39,88.60,0.57,0.00,0.00,0.00,0.00,0.00,0.00,0.00,8444,0.00,0.00,0.00,0.00,0.00,0.00,0.00,0.00,0.00,0.00,23,59,48,86, 0.0000000, 0.0000000, 0.00, 0.00
8801,-0.04,-0.94,9.61,1.00,-0.05,-0.00,0.00,-0.03,5.58,0.19,10.58,0.00,0,2,1003.29,33.61,88.79,1003.30,33.38,88.60,0.58,0.00,0.00,0.00,0.00,0.00,0.00,0.00,8444,0.00,0.00,0.00,0.00,0.00,0.00,0.00,0.00,0.00,0.00,23,59,48,86, 0.0000000, 0.0000000, 0.00, 0.00
8855,-0.03,-0.87,9.45,1.00,-0.05,-0.00,0.00,-0.03,5.58,0.19,10.58,0.00,0,2,1003.29,33.60,88.78,1003.30,33.37,88.63,0.58,0.00,0.00,0.00,0.00,0.00,0.00,0.00,8445,0.00,0.00,0.00,0.00,0.00,0.00,0.00,0.00,0.00,0.00,23,59,48,86, 0.0000000, 0.0000000, 0.00, 0.00
8906,0.10,-0.90,9.54,1.00,-0.05,-0.00,0.00,-0.03,5.58,0.19,10.59,0.00,0,2,1003.29,33.60,88.78,1003.30,33.38,88.65,0.58,0.00,0.00,0.00,0.00,0.00,0.00,0.00,8444,0.00,0.00,0.00,0.00,0.00,0.00,0.00,0.00,0.00,0.00,23,59,48,86, 0.0000000, 0.0000000, 0.00, 0.00
8963,0.07,-0.91,9.48,1.00,-0.05,-0.00,0.00,-0.03,5.58,0.19,10.59,0.00,0,2,1003.29,33.60,88.79,1003.30,33.38,88.65,0.58,0.00,0.00,0.00,0.00,0.00,0.00,0.00,8444,0.00,0.00,0.00,0.00,0.00,0.00,0.00,0.00,0.00,0.00,23,59,48,86, 0.0000000, 0.0000000, 0.00, 0.00
9015,0.11,-0.88,9.53,1.00,-0.05,-0.00,0.00,-0.05,5.57,0.18,10.60,0.00,0,2,1003.29,33.60,88.73,1003.29,33.37,88.67,0.58,0.00,0.00,0.00,0.00,0.00,0.00,0.00,8445,0.00,0.00,0.00,0.00,0.00,0.00,0.00,0.00,0.00,0.00,23,59,48,86, 0.0000000, 0.0000000, 0.00, 0.00
9068,0.05,-1.01,9.50,1.00,-0.05,-0.00,0.00,-0.05,5.58,0.18,10.60,0.00,0,2,1003.29,33.60,88.78,1003.29,33.38,88.68,0.58,0.00,0.00,0.00,0.00,0.00,0.00,0.00,8444,0.00,0.00,0.00,0.00,0.00,0.00,0.00,0.00,0.00,0.00,23,59,48,86, 0.0000000, 0.0000000, 0.00, 0.00
9125,-0.17,-0.70,9.47,1.00,-0.05,-0.00,0.00,-0.06,5.56,0.13,10.60,0.00,0,2,1003.29,33.61,88.79,1003.30,33.37,88.63,0.58,0.00,0.00,0.00,0.00,0.00,0.00,0.00,8445,0.00,0.00,0.00,0.00,0.00,0.00,0.00,0.00,0.00,0.00,23,59,48,86, 0.0000000, 0.0000000, 0.00, 0.00
9175,-0.11,-0.79,9.51,1.00,-0.05,-0.00,0.00,-0.04,5.54,0.11,10.60,0.00,0,2,1003.29,33.61,88.79,1003.29,33.37,88.65,0.58,0.00,0.00,0.00,0.00,0.00,0.00,0.00,8445,0.00,0.00,0.00,0.00,0.00,0.00,0.00,0.00,0.00,0.00,23,59,48,86, 0.0000000, 0.0000000, 0.00, 0.00
9228,-0.12,-0.70,9.51,1.00,-0.05,-0.00,0.00,-0.01,5.53,0.11,10.60,0.00,0,2,1003.29,33.61,88.77,1003.29,33.36,88.66,0.58,0.00,0.00,0.00,0.00,0.00,0.00,0.00,8444,0.00,0.00,0.00,0.00,0.00,0.00,0.00,0.00,0.00,0.00,23,59,49,80, 0.0000000, 0.0000000, 0.00, 0.00
9284,0.03,-0.91,9.09,1.00,-0.05,0.00,0.00,0.01,5.51,0.10,10.60,0.00,0,2,1003.29,33.61,88.80,1003.29,33.36,88.67,0.58,0.00,0.00,0.00,0.00,0.00,0.00,0.00,8445,0.00,0.00,0.00,0.00,0.00,0.00,0.00,0.00,0.00,0.00,23,59,49,80, 0.0000000, 0.0000000, 0.00, 0.00
9336,0.13,-0.88,9.78,1.00,-0.05,-0.00,0.00,-0.01,5.49,0.11,10.60,0.00,0,2,1003.28,33.61,88.82,1003.30,33.37,88.62,0.58,0.00,0.00,0.00,0.00,0.00,0.00,0.00,8445,0.00,0.00,0.00,0.00,0.00,0.00,0.00,0.00,0.00,0.00,23,59,49,80, 0.0000000, 0.0000000, 0.00, 0.00
9393,0.18,-0.91,9.48,1.00,-0.05,-0.00,0.00,-0.03,5.49,0.10,10.61,0.00,0,2,1003.28,33.61,88.83,1003.29,33.37,88.62,0.58,0.00,0.00,0.00,0.00,0.00,0.00,0.00,8445,0.00,0.00,0.00,0.00,0.00,0.00,0.00,0.00,0.00,0.00,23,59,49,80, 0.0000000, 0.0000000, 0.00, 0.00
9445,0.07,-0.82,9.52,1.00,-0.05,-0.00,0.00,-0.05,5.49,0.04,10.60,0.00,0,2,1003.28,33.59,88.87,1003.30,33.36,88.63,0.58,0.00,0.00,0.00,0.00,0.00,0.00,0.00,8444,0.00,0.00,0.00,0.00,0.00,0.00,0.00,0.00,0.00,0.00,23,59,49,80, 0.0000000, 0.0000000, 0.00, 0.00
9498,0.18,-0.81,9.66,1.00,-0.05,-0.00,0.00,-0.06,5.49,-0.01,10.60,0.00,0,2,1003.29,33.63,88.81,1003.29,33.36,88.71,0.58,0.00,0.00,0.00,0.00,0.00,0.00,0.00,8444,0.00,0.00,0.00,0.00,0.00,0.00,0.00,0.00,0.00,0.00,23,59,49,80, 0.0000000, 0.0000000, 0.00, 0.00
9553,-0.09,-0.97,9.59,1.00,-0.05,-0.00,-0.00,-0.07,5.49,-0.07,10.61,0.00,0,2,1003.28,33.60,88.86,1003.30,33.35,88.64,0.58,0.00,0.00,0.00,0.00,0.00,0.00,0.00,8444,0.00,0.00,0.00,0.00,0.00,0.00,0.00,0.00,0.00,0.00,23,59,49,80, 0.0000000, 0.0000000, 0.00, 0.00
9605,-0.16,-0.87,9.47,1.00,-0.05,-0.00,-0.00,-0.05,5.49,-0.11,10.62,0.00,0,2,1003.28,33.60,88.84,1003.29,33.35,88.68,0.58,0.00,0.00,0.00,0.00,0.00,0.00,0.00,8445,0.00,0.00,0.00,0.00,0.00,0.00,0.00,0.00,0.00,0.00,23,59,49,80, 0.0000000, 0.0000000, 0.00, 0.00
9659,-0.10,-0.86,9.53,1.00,-0.05,-0.00,-0.00,-0.03,5.48,-0.12,10.62,0.00,0,2,1003.28,33.61,88.84,1003.30,33.37,88.64,0.58,0.00,0.00,0.00,0.00,0.00,0.00,0.00,8445,0.00,0.00,0.00,0.00,0.00,0.00,0.00,0.00,0.00,0.00,23,59,49,80, 0.0000000, 0.0000000, 0.00, 0.00
9714,-0.01,-1.00,9.39,1.00,-0.05,-0.00,-0.00,-0.01,5.48,-0.13,10.61,0.00,0,2,1003.29,33.62,88.78,1003.29,33.35,88.68,10.00,0.00,0.00,0.00,0.00,0.00,0.00,0.00,8445,0.00,0.00,0.00,0.00,0.00,0.00,0.00,0.00,0.00,0.00,23,59,49,80, 0.0000000, 0.0000000, 0.00, 0.00
9765,0.04,-0.90,9.50,1.00,-0.05,-0.00,-0.00,-0.02,5.49,-0.13,10.60,0.00,0,2,1003.29,33.61,88.79,1003.29,33.36,88.69,0.35,0.00,0.00,0.00,0.00,0.00,0.00,0.00,8444,0.00,0.00,0.00,0.00,0.00,0.00,0.00,0.00,0.00,0.00,23,59,49,80, 0.0000000, 0.0000000, 0.00, 0.00
9818,0.00,-0.90,9.56,1.00,-0.05,-0.00,-0.00,-0.02,5.49,-0.13,10.60,0.00,0,2,1003.28,33.62,88.81,1003.29,33.35,88.63,0.59,0.00,0.00,0.00,0.00,0.00,0.00,0.00,8445,0.00,0.00,0.00,0.00,0.00,0.00,0.00,0.00,0.00,0.00,23,59,49,80, 0.0000000, 0.0000000, 0.00, 0.00
9874,0.05,-0.86,9.61,1.00,-0.05,-0.00,-0.00,-0.01,5.49,-0.13,10.60,0.00,0,2,1003.28,33.61,88.82,1003.30,33.35,88.60,0.59,0.00,0.00,0.00,0.00,0.00,0.00,0.00,8444,0.00,0.00,0.00,0.00,0.00,0.00,0.00,0.00,0.00,0.00,23,59,49,80, 0.0000000, 0.0000000, 0.00, 0.00
9926,-0.06,-0.95,9.38,1.00,-0.05,-0.00,-0.00,-0.01,5.49,-0.13,10.60,0.00,0,2,1003.28,33.62,88.81,1003.30,33.33,88.62,0.59,0.00,0.00,0.00,0.00,0.00,0.00,0.00,8445,0.00,0.00,0.00,0.00,0.00,0.00,0.00,0.00,0.00,0.00,23,59,49,80, 0.0000000, 0.0000000, 0.00, 0.00
9983,0.24,-0.83,9.46,1.00,-0.05,-0.00,-0.00,-0.03,5.49,-0.13,10.60,0.00,0,2,1003.28,33.62,88.83,1003.30,33.35,88.60,0.59,0.00,0.00,0.00,0.00,0.00,0.00,0.00,8444,0.00,0.00,0.00,0.00,0.00,0.00,0.00,0.00,0.00,0.00,23,59,49,80, 0.0000000, 0.0000000, 0.00, 0.00
10034,-0.10,-0.82,9.61,1.00,-0.05,-0.00,-0.00,-0.03,5.49,-0.13,10.60,0.00,0,2,1003.28,33.61,88.83,1003.30,33.35,88.57,0.59,0.00,0.00,0.00,0.00,0.00,0.00,0.00,8445,0.00,0.00,0.00,0.00,0.00,0.00,0.00,0.00,0.00,0.00,23,59,49,80, 0.0000000, 0.0000000, 0.00, 0.00
10091,0.00,-0.79,9.50,1.00,-0.05,-0.00,-0.00,-0.03,5.49,-0.13,10.60,0.00,0,2,1003.28,33.60,88.86,1003.31,33.33,88.55,0.59,0.00,0.00,0.00,0.00,0.00,0.00,0.00,8444,0.00,0.00,0.00,0.00,0.00,0.00,0.00,0.00,0.00,0.00,23,59,49,80, 0.0000000, 0.0000000, 0.00, 0.00
10144,0.26,-0.93,9.37,1.00,-0.05,-0.00,-0.00,-0.03,5.48,-0.13,10.60,0.00,0,2,1003.28,33.62,88.86,1003.30,33.32,88.58,0.59,0.00,0.00,0.00,0.00,0.00,0.00,0.00,8445,0.00,0.00,0.00,0.00,0.00,0.00,0.00,0.00,0.00,0.00,23,59,49,80, 0.0000000, 0.0000000, 0.00, 0.00
10198,-0.50,-1.10,9.42,1.00,-0.05,-0.00,-0.00,-0.02,5.46,-0.13,10.60,0.00,0,2,1003.28,33.62,88.88,1003.30,33.35,88.62,0.59,0.00,0.00,0.00,0.00,0.00,0.00,0.00,8444,0.00,0.00,0.00,0.00,0.00,0.00,0.00,0.00,0.00,0.00,23,59,50,80, 0.0000000, 0.0000000, 0.00, 0.00
10253,0.19,-0.92,9.28,1.00,-0.05,-0.00,-0.00,-0.03,5.46,-0.13,10.60,0.00,0,2,1003.28,33.63,88.88,1003.29,33.32,88.64,0.59,0.00,0.00,0.00,0.00,0.00,0.00,0.00,8444,0.00,0.00,0.00,0.00,0.00,0.00,0.00,0.00,0.00,0.00,23,59,50,80, 0.0000000, 0.0000000, 0.00, 0.00
10305,0.01,-1.19,8.92,1.00,-0.05,-0.00,-0.00,-0.03,5.48,-0.13,10.60,0.00,0,2,1003.28,33.62,88.83,1003.29,33.33,88.65,0.59,0.00,0.00,0.00,0.00,0.00,0.00,0.00,8445,0.00,0.00,0.00,0.00,0.00,0.00,0.00,0.00,0.00,0.00,23,59,50,80, 0.0000000, 0.0000000, 0.00, 0.00
10362,0.00,-0.95,9.71,1.00,-0.05,-0.00,-0.00,-0.03,5.48,-0.13,10.60,0.00,0,2,1003.28,33.62,88.81,1003.29,33.33,88.65,0.59,0.00,0.00,0.00,0.00,0.00,0.00,0.00,8445,0.00,0.00,0.00,0.00,0.00,0.00,0.00,0.00,0.00,0.00,23,59,50,80, 0.0000000, 0.0000000, 0.00, 0.00
10414,0.07,-0.89,9.02,1.00,-0.05,-0.00,-0.00,-0.04,5.50,-0.13,10.60,0.00,0,2,1003.29,33.62,88.80,1003.29,33.33,88.64,0.59,0.00,0.00,0.00,0.00,0.00,0.00,0.00,8445,0.00,0.00,0.00,0.00,0.00,0.00,0.00,0.00,0.00,0.00,23,59,50,80, 0.0000000, 0.0000000, 0.00, 0.00
10467,0.05,-0.68,9.79,1.00,-0.05,-0.00,-0.00,-0.04,5.49,-0.13,10.60,0.00,0,2,1003.29,33.63,88.79,1003.29,33.33,88.68,0.59,0.00,0.00,0.00,0.00,0.00,0.00,0.00,8444,0.00,0.00,0.00,0.00,0.00,0.00,0.00,0.00,0.00,0.00,23,59,50,80, 0.0000000, 0.0000000, 0.00, 0.00
10523,0.12,-0.73,9.67,1.00,-0.05,-0.00,-0.00,-0.07,5.46,-0.13,10.60,0.00,0,2,1003.28,33.61,88.85,1003.30,33.34,88.64,0.59,0.00,0.00,0.00,0.00,0.00,0.00,0.00,8444,0.00,0.00,0.00,0.00,0.00,0.00,0.00,0.00,0.00,0.00,23,59,50,80, 0.0000000, 0.0000000, 0.00, 0.00
10575,0.11,-0.73,9.56,1.00,-0.05,-0.00,-0.00,-0.08,5.43,-0.13,10.60,0.00,0,2,1003.29,33.62,88.81,1003.30,33.31,88.62,0.59,0.00,0.00,0.00,0.00,0.00,0.00,0.00,8445,0.00,0.00,0.00,0.00,0.00,0.00,0.00,0.00,0.00,0.00,23,59,50,80, 0.0000000, 0.0000000, 0.00, 0.00
10628,0.01,-0.79,9.70,1.00,-0.05,-0.00,-0.00,-0.08,5.42,-0.14,10.59,0.00,0,2,1003.29,33.64,88.78,1003.30,33.33,88.61,0.59,0.00,0.00,0.00,0.00,0.00,0.00,0.00,8444,0.00,0.00,0.00,0.00,0.00,0.00,0.00,0.00,0.00,0.00,23,59,50,80, 0.0000000, 0.0000000, 0.00, 0.00
10683,-0.10,-0.73,9.40,1.00,-0.05,-0.00,-0.00,-0.08,5.39,-0.15,10.58,0.00,0,2,1003.29,33.62,88.80,1003.30,33.33,88.63,0.59,0.00,0.00,0.00,0.00,0.00,0.00,0.00,8445,0.00,0.00,0.00,0.00,0.00,0.00,0.00,0.00,0.00,0.00,23,59,50,80, 0.0000000, 0.0000000, 0.00, 0.00
10736,-0.08,-0.89,9.62,1.00,-0.05,-0.00,-0.00,-0.06,5.38,-0.15,10.58,0.00,0,2,1003.29,33.63,88.78,1003.30,33.32,88.64,10.00,0.00,0.00,0.00,0.00,0.00,0.00,0.00,8444,0.00,0.00,0.00,0.00,0.00,0.00,0.00,0.00,0.00,0.00,23,59,50,80, 0.0000000, 0.0000000, 0.00, 0.00
10792,0.07,-1.00,9.46,1.00,-0.05,-0.00,-0.00,-0.06,5.38,-0.15,10.58,0.00,0,2,1003.28,33.63,88.82,1003.30,33.31,88.59,0.03,0.00,0.00,0.00,0.00,0.00,0.00,0.00,8444,0.00,0.00,0.00,0.00,0.00,0.00,0.00,0.00,0.00,0.00,23,59,50,80, 0.0000000, 0.0000000, 0.00, 0.00
10843,-0.06,-1.02,9.85,1.00,-0.05,-0.00,-0.00,-0.05,5.39,-0.14,10.59,0.00,0,2,1003.28,33.64,88.84,1003.30,33.32,88.63,0.05,0.00,0.00,0.00,0.00,0.00,0.00,0.00,8445,0.00,0.00,0.00,0.00,0.00,0.00,0.00,0.00,0.00,0.00,23,59,50,80, 0.0000000, 0.0000000, 0.00, 0.00
10896,0.10,-0.99,9.43,1.00,-0.05,-0.00,-0.00,-0.05,5.42,-0.15,10.60,0.00,0,2,1003.28,33.63,88.86,1003.30,33.31,88.57,0.06,0.00,0.00,0.00,0.00,0.00,0.00,0.00,8444,0.00,0.00,0.00,0.00,0.00,0.00,0.00,0.00,0.00,0.00,23,59,50,80, 0.0000000, 0.0000000, 0.00, 0.00
10953,-0.19,-0.96,9.59,1.00,-0.05,-0.00,-0.00,-0.04,5.44,-0.15,10.60,0.00,0,2,1003.28,33.62,88.85,1003.30,33.32,88.64,0.07,0.00,0.00,0.00,0.00,0.00,0.00,0.00,8444,0.00,0.00,0.00,0.00,0.00,0.00,0.00,0.00,0.00,0.00,23,59,50,80, 0.0000000, 0.0000000, 0.00, 0.00
11005,0.07,-0.90,9.43,1.00,-0.05,-0.00,-0.00,-0.03,5.44,-0.15,10.60,0.00,0,2,1003.29,33.63,88.79,1003.30,33.30,88.56,0.07,0.00,0.00,0.00,0.00,0.00,0.00,0.00,8445,0.00,0.00,0.00,0.00,0.00,0.00,0.00,0.00,0.00,0.00,23,59,50,80, 0.0000000, 0.0000000, 0.00, 0.00
11059,-0.14,-0.70,9.50,1.00,-0.05,-0.00,-0.00,-0.03,5.43,-0.15,10.60,0.00,0,2,1003.28,33.62,88.86,1003.30,33.31,88.61,0.07,0.00,0.00,0.00,0.00,0.00,0.00,0.00,8443,0.00,0.00,0.00,0.00,0.00,0.00,0.00,0.00,0.00,0.00,23,59,50,80, 0.0000000, 0.0000000, 0.00, 0.00
11113,0.00,-0.82,9.61,1.00,-0.05,-0.00,-0.00,-0.03,5.41,-0.15,10.60,0.00,0,2,1003.28,33.63,88.86,1003.30,33.30,88.60,0.07,0.00,0.00,0.00,0.00,0.00,0.00,0.00,8444,0.00,0.00,0.00,0.00,0.00,0.00,0.00,0.00,0.00,0.00,23,59,50,80, 0.0000000, 0.0000000, 0.00, 0.00
11167,0.05,-0.79,9.60,1.00,-0.05,-0.00,-0.00,-0.02,5.40,-0.15,10.60,0.00,0,2,1003.28,33.62,88.88,1003.30,33.30,88.54,0.07,0.00,0.00,0.00,0.00,0.00,0.00,0.00,8445,0.00,0.00,0.00,0.00,0.00,0.00,0.00,0.00,0.00,0.00,23,59,50,80, 0.0000000, 0.0000000, 0.00, 0.00
11223,0.11,-0.87,9.56,1.00,-0.05,-0.00,-0.00,-0.03,5.39,-0.15,10.60,0.00,0,2,1003.28,33.64,88.85,1003.30,33.30,88.55,0.35,0.00,0.00,0.00,0.00,0.00,0.00,0.00,8444,0.00,0.00,0.00,0.00,0.00,0.00,0.00,0.00,0.00,0.00,2,36,50,9, 0.0000000, 0.0000000, 0.00, 0.00
11273,0.08,-0.90,9.44,1.00,-0.05,-0.00,-0.00,-0.05,5.39,-0.14,10.60,0.00,0,2,1003.27,33.64,88.91,1003.32,33.30,88.43,0.03,0.00,0.00,0.00,0.00,0.00,0.00,0.00,8445,0.00,0.00,0.00,0.00,0.00,0.00,0.00,0.00,0.00,0.00,2,36,50,9, 0.0000000, 0.0000000, 0.00, 0.00
11326,-0.09,-0.94,9.62,1.00,-0.05,-0.00,-0.00,-0.05,5.39,-0.14,10.60,0.00,0,2,1003.28,33.64,88.88,1003.32,33.30,88.53,0.02,0.00,0.00,0.00,0.00,0.00,0.00,0.00,8444,0.00,0.00,0.00,0.00,0.00,0.00,0.00,0.00,0.00,0.00,2,36,50,9, 0.0000000, 0.0000000, 0.00, 0.00
11382,-0.03,-0.90,9.52,1.00,-0.05,-0.00,-0.00,-0.05,5.39,-0.14,10.60,0.00,0,2,1003.28,33.62,88.89,1003.30,33.29,88.57,0.02,0.00,0.00,0.00,0.00,0.00,0.00,0.00,8443,0.00,0.00,0.00,0.00,0.00,0.00,0.00,0.00,0.00,0.00,2,36,50,9, 0.0000000, 0.0000000, 0.00, 0.00
11433,0.03,-0.85,9.56,1.00,-0.05,-0.00,-0.00,-0.04,5.39,-0.15,10.60,0.00,0,2,1003.28,33.64,88.89,1003.30,33.29,88.60,0.04,0.00,0.00,0.00,0.00,0.00,0.00,0.00,8444,0.00,0.00,0.00,0.00,0.00,0.00,0.00,0.00,0.00,0.00,2,36,50,9, 0.0000000, 0.0000000, 0.00, 0.00
11488,-0.05,-0.84,9.50,1.00,-0.05,-0.00,-0.00,-0.04,5.39,-0.15,10.60,0.00,0,2,1003.28,33.64,88.86,1003.30,33.30,88.53,1.06,0.00,0.00,0.00,0.00,0.00,0.00,0.00,8444,0.00,0.00,0.00,0.00,0.00,0.00,0.00,0.00,0.00,0.00,2,36,50,9, 0.0000000, 0.0000000, 0.00, 0.00
11543,0.00,-0.82,9.55,1.00,-0.05,-0.00,-0.00,-0.04,5.39,-0.15,10.60,0.00,0,2,1003.28,33.64,88.86,1003.30,33.29,88.57,0.42,0.00,0.00,0.00,0.00,0.00,0.00,0.00,8444,0.00,0.00,0.00,0.00,0.00,0.00,0.00,0.00,0.00,0.00,2,36,50,9, 0.0000000, 0.0000000, 0.00, 0.00
11596,0.01,-0.92,9.57,1.00,-0.05,-0.00,-0.00,-0.04,5.39,-0.15,10.60,0.00,0,2,1003.28,33.64,88.83,1003.31,33.28,88.50,0.35,0.00,0.00,0.00,0.00,0.00,0.00,0.00,8444,0.00,0.00,0.00,0.00,0.00,0.00,0.00,0.00,0.00,0.00,2,36,50,9, 0.0000000, 0.0000000, 0.00, 0.00
11652,0.00,-0.92,9.53,1.00,-0.05,-0.00,-0.00,-0.04,5.39,-0.15,10.59,0.00,0,2,1003.29,33.65,88.79,1003.31,33.29,88.52,0.35,0.00,0.00,0.00,0.00,0.00,0.00,0.00,8445,0.00,0.00,0.00,0.00,0.00,0.00,0.00,0.00,0.00,0.00,2,36,50,9, 0.0000000, 0.0000000, 0.00, 0.00
11702,0.19,-0.96,9.50,1.00,-0.05,-0.00,-0.00,-0.04,5.39,-0.15,10.58,0.00,0,2,1003.29,33.65,88.79,1003.31,33.29,88.51,0.35,0.00,0.00,0.00,0.00,0.00,0.00,0.00,8444,0.00,0.00,0.00,0.00,0.00,0.00,0.00,0.00,0.00,0.00,2,36,50,9, 0.0000000, 0.0000000, 0.00, 0.00
11756,0.08,-0.92,9.49,1.00,-0.05,-0.00,-0.00,-0.04,5.39,-0.15,10.58,0.00,0,2,1003.28,33.64,88.83,1003.31,33.29,88.54,0.35,0.00,0.00,0.00,0.00,0.00,0.00,0.00,8445,0.00,0.00,0.00,0.00,0.00,0.00,0.00,0.00,0.00,0.00,2,36,50,9, 0.0000000, 0.0000000, 0.00, 0.00
11812,-0.03,-0.89,9.53,1.00,-0.05,-0.00,-0.00,-0.04,5.39,-0.15,10.59,0.00,0,2,1003.28,33.62,88.83,1003.31,33.29,88.52,0.35,0.00,0.00,0.00,0.00,0.00,0.00,0.00,8444,0.00,0.00,0.00,0.00,0.00,0.00,0.00,0.00,0.00,0.00,2,36,50,9, 0.0000000, 0.0000000, 0.00, 0.00
11863,-0.13,-0.84,9.43,1.00,-0.05,-0.00,-0.00,-0.04,5.39,-0.15,10.60,0.00,0,2,1003.28,33.64,88.85,1003.31,33.29,88.52,0.35,0.00,0.00,0.00,0.00,0.00,0.00,0.00,8445,0.00,0.00,0.00,0.00,0.00,0.00,0.00,0.00,0.00,0.00,2,36,50,9, 0.0000000, 0.0000000, 0.00, 0.00
11920,-0.01,-0.81,9.53,1.00,-0.05,-0.00,-0.00,-0.04,5.39,-0.15,10.60,0.00,0,2,1003.28,33.63,88.84,1003.31,33.29,88.50,0.35,0.00,0.00,0.00,0.00,0.00,0.00,0.00,8444,0.00,0.00,0.00,0.00,0.00,0.00,0.00,0.00,0.00,0.00,2,36,50,9, 0.0000000, 0.0000000, 0.00, 0.00
11973,0.03,-0.88,9.52,1.00,-0.05,-0.00,-0.00,-0.04,5.39,-0.15,10.60,0.00,0,2,1003.28,33.64,88.86,1003.31,33.28,88.50,0.35,0.00,0.00,0.00,0.00,0.00,0.00,0.00,8444,0.00,0.00,0.00,0.00,0.00,0.00,0.00,0.00,0.00,0.00,2,36,50,9, 0.0000000, 0.0000000, 0.00, 0.00
12026,0.08,-1.03,9.46,1.00,-0.05,-0.00,-0.00,-0.04,5.39,-0.15,10.60,0.00,0,2,1003.28,33.62,88.88,1003.31,33.29,88.52,0.35,0.00,0.00,0.00,0.00,0.00,0.00,0.00,8444,0.00,0.00,0.00,0.00,0.00,0.00,0.00,0.00,0.00,0.00,2,36,50,9, 0.0000000, 0.0000000, 0.00, 0.00
12082,0.07,-0.91,9.47,1.00,-0.05,-0.00,-0.00,-0.04,5.39,-0.15,10.60,0.00,0,2,1003.28,33.64,88.84,1003.30,33.27,88.58,0.35,0.00,0.00,0.00,0.00,0.00,0.00,0.00,8444,0.00,0.00,0.00,0.00,0.00,0.00,0.00,0.00,0.00,0.00,2,36,50,9, 0.0000000, 0.0000000, 0.00, 0.00
12133,0.00,-0.98,9.30,1.00,-0.05,-0.00,-0.00,-0.04,5.39,-0.15,10.60,0.00,0,2,1003.28,33.64,88.85,1003.30,33.26,88.56,0.35,0.00,0.00,0.00,0.00,0.00,0.00,0.00,8444,0.00,0.00,0.00,0.00,0.00,0.00,0.00,0.00,0.00,0.00,2,36,50,9, 0.0000000, 0.0000000, 0.00, 0.00
12190,0.34,-0.83,9.39,1.00,-0.05,-0.00,-0.00,-0.04,5.39,-0.15,10.60,0.00,0,2,1003.28,33.64,88.84,1003.30,33.28,88.48,0.35,0.00,0.00,0.00,0.00,0.00,0.00,0.00,8445,0.00,0.00,0.00,0.00,0.00,0.00,0.00,0.00,0.00,0.00,2,36,51,9, 0.0000000, 0.0000000, 0.00, 0.00
12243,0.51,-0.93,9.40,1.00,-0.05,-0.00,-0.00,-0.05,5.39,-0.15,10.59,0.00,0,2,1003.28,33.65,88.82,1003.32,33.26,88.41,0.35,0.00,0.00,0.00,0.00,0.00,0.00,0.00,8444,0.00,0.00,0.00,0.00,0.00,0.00,0.00,0.00,0.00,0.00,2,36,51,9, 0.0000000, 0.0000000, 0.00, 0.00
12295,-0.76,-1.34,8.74,1.00,-0.05,-0.00,-0.00,-0.04,5.39,-0.15,10.58,0.00,0,2,1003.29,33.64,88.81,1003.31,33.26,88.49,0.35,0.00,0.00,0.00,0.00,0.00,0.00,0.00,8444,0.00,0.00,0.00,0.00,0.00,0.00,0.00,0.00,0.00,0.00,2,36,51,9, 0.0000000, 0.0000000, 0.00, 0.00
12352,0.10,-0.80,10.02,1.00,-0.05,-0.00,-0.00,-0.05,5.37,-0.15,10.56,0.00,0,2,1003.29,33.63,88.79,1003.31,33.26,88.47,0.35,0.00,0.00,0.00,0.00,0.00,0.00,0.00,8445,0.00,0.00,0.00,0.00,0.00,0.00,0.00,0.00,0.00,0.00,2,36,51,9, 0.0000000, 0.0000000, 0.00, 0.00
12403,-0.15,-0.97,9.08,1.00,-0.05,-0.00,-0.00,-0.04,5.37,-0.15,10.56,0.00,0,2,1003.29,33.64,88.80,1003.31,33.28,88.48,0.35,0.00,0.00,0.00,0.00,0.00,0.00,0.00,8444,0.00,0.00,0.00,0.00,0.00,0.00,0.00,0.00,0.00,0.00,2,36,51,9, 0.0000000, 0.0000000, 0.00, 0.00
12456,0.12,-0.87,9.79,1.00,-0.05,-0.00,-0.00,-0.05,5.37,-0.15,10.55,0.00,0,2,1003.29,33.64,88.77,1003.31,33.27,88.48,0.35,0.00,0.00,0.00,0.00,0.00,0.00,0.00,8444,0.00,0.00,0.00,0.00,0.00,0.00,0.00,0.00,0.00,0.00,2,36,51,9, 0.0000000, 0.0000000, 0.00, 0.00
12511,-0.09,-0.60,9.35,1.00,-0.05,-0.00,-0.00,-0.04,5.35,-0.15,10.57,0.00,0,2,1003.28,33.64,88.85,1003.31,33.26,88.45,10.00,0.00,0.00,0.00,0.00,0.00,0.00,0.00,8445,0.00,0.00,0.00,0.00,0.00,0.00,0.00,0.00,0.00,0.00,2,36,51,9, 0.0000000, 0.0000000, 0.00, 0.00
12564,0.00,-0.72,9.56,1.00,-0.05,-0.00,-0.00,-0.03,5.34,-0.15,10.58,0.00,0,2,1003.28,33.64,88.85,1003.30,33.25,88.53,10.00,0.00,0.00,0.00,0.00,0.00,0.00,0.00,8445,0.00,0.00,0.00,0.00,0.00,0.00,0.00,0.00,0.00,0.00,2,36,51,9, 0.0000000, 0.0000000, 0.00, 0.00
12624,-0.08,-0.92,9.29,1.00,-0.05,-0.00,-0.00,-0.01,5.31,-0.15,10.59,0.00,0,2,1003.28,33.65,88.84,1003.31,33.26,88.47,10.00,0.00,0.00,0.00,0.00,0.00,0.00,0.00,8445,0.00,0.00,0.00,0.00,0.00,0.00,0.00,0.00,0.00,0.00,2,36,51,9, 0.0000000, 0.0000000, 0.00, 0.00
12684,0.13,-1.00,9.95,1.00,-0.05,-0.00,-0.00,-0.03,5.32,-0.15,10.60,0.00,0,2,1003.28,33.64,88.86,1003.31,33.27,88.43,10.00,0.00,0.00,0.00,0.00,0.00,0.00,0.00,8445,0.00,0.00,0.00,0.00,0.00,0.00,0.00,0.00,0.00,0.00,2,36,51,9, 0.0000000, 0.0000000, 0.00, 0.00
12744,-0.04,-0.94,9.32,1.00,-0.05,0.00,-0.00,-0.01,5.32,-0.15,10.60,0.00,0,2,1003.28,33.65,88.86,1003.31,33.26,88.44,10.00,0.00,0.00,0.00,0.00,0.00,0.00,0.00,8445,0.00,0.00,0.00,0.00,0.00,0.00,0.00,0.00,0.00,0.00,2,36,51,9, 0.0000000, 0.0000000, 0.00, 0.00
12804,-0.04,-0.86,9.79,1.00,-0.05,-0.00,-0.00,-0.02,5.33,-0.15,10.60,0.00,0,2,1003.28,33.65,88.84,1003.32,33.26,88.36,10.00,0.00,0.00,0.00,0.00,0.00,0.00,0.00,8445,0.00,0.00,0.00,0.00,0.00,0.00,0.00,0.00,0.00,0.00,2,36,51,9, 0.0000000, 0.0000000, 0.00, 0.00
12865,-0.15,-0.93,9.36,1.00,-0.05,0.00,-0.00,0.01,5.33,-0.15,10.60,0.00,0,2,1003.28,33.65,88.84,1003.33,33.25,88.32,10.00,0.00,0.00,0.00,0.00,0.00,0.00,0.00,8444,0.00,0.00,0.00,0.00,0.00,0.00,0.00,0.00,0.00,0.00,2,36,51,9, 0.0000000, 0.0000000, 0.00, 0.00
12925,0.05,-0.89,9.57,1.00,-0.05,0.00,-0.00,0.02,5.34,-0.13,10.60,0.00,0,2,1003.28,33.65,88.84,1003.32,33.24,88.33,10.00,0.00,0.00,0.00,0.00,0.00,0.00,0.00,8445,0.00,0.00,0.00,0.00,0.00,0.00,0.00,0.00,0.00,0.00,2,36,51,9, 0.0000000, 0.0000000, 0.00, 0.00
12986,-0.12,-0.94,9.44,1.00,-0.05,0.00,-0.00,0.02,5.34,-0.12,10.60,0.00,0,2,1003.28,33.65,88.88,1003.33,33.25,88.39,10.00,0.00,0.00,0.00,0.00,0.00,0.00,0.00,8445,0.00,0.00,0.00,0.00,0.00,0.00,0.00,0.00,0.00,0.00,2,36,51,9, 0.0000000, 0.0000000, 0.00, 0.00
13046,0.05,-0.83,9.53,1.00,-0.05,0.00,-0.00,0.02,5.34,-0.12,10.60,0.00,0,2,1003.28,33.65,88.87,1003.32,33.26,88.47,10.00,0.00,0.00,0.00,0.00,0.00,0.00,0.00,8445,0.00,0.00,0.00,0.00,0.00,0.00,0.00,0.00,0.00,0.00,2,36,51,9, 0.0000000, 0.0000000, 0.00, 0.00
13107,0.04,-0.94,9.48,1.00,-0.05,0.00,-0.00,0.01,5.35,-0.12,10.60,0.00,0,2,1003.28,33.64,88.86,1003.31,33.24,88.47,10.00,0.00,0.00,0.00,0.00,0.00,0.00,0.00,8444,0.00,0.00,0.00,0.00,0.00,0.00,0.00,0.00,0.00,0.00,2,36,51,9, 0.0000000, 0.0000000, 0.00, 0.00
13166,0.14,-0.81,9.70,1.00,-0.05,0.00,-0.00,0.01,5.35,-0.12,10.60,0.00,0,2,1003.28,33.64,88.83,1003.30,33.23,88.53,10.00,0.00,0.00,0.00,0.00,0.00,0.00,0.00,8444,0.00,0.00,0.00,0.00,0.00,0.00,0.00,0.00,0.00,0.00,2,36,51,9, 0.0000000, 0.0000000, 0.00, 0.00
13224,0.01,-0.90,9.43,1.00,-0.05,0.00,-0.00,-0.01,5.33,-0.12,10.61,0.00,0,2,1003.28,33.65,88.86,1003.31,33.23,88.47,10.00,0.00,0.00,0.00,0.00,0.00,0.00,0.00,8444,0.00,0.00,0.00,0.00,0.00,0.00,0.00,0.00,0.00,0.00,2,36,52,9, 0.0000000, 0.0000000, 0.00, 0.00
13285,0.04,-0.88,9.53,1.00,-0.05,0.00,-0.00,-0.01,5.33,-0.12,10.60,0.00,0,2,1003.28,33.64,88.88,1003.31,33.24,88.44,10.00,0.00,0.00,0.00,0.00,0.00,0.00,0.00,8445,0.00,0.00,0.00,0.00,0.00,0.00,0.00,0.00,0.00,0.00,2,36,52,9, 0.0000000, 0.0000000, 0.00, 0.00
13345,-0.07,-1.00,9.42,1.00,-0.05,0.00,-0.00,-0.01,5.34,-0.12,10.60,0.00,0,2,1003.28,33.63,88.87,1003.32,33.24,88.40,10.00,0.00,0.00,0.00,0.00,0.00,0.00,0.00,8444,0.00,0.00,0.00,0.00,0.00,0.00,0.00,0.00,0.00,0.00,2,36,52,9, 0.0000000, 0.0000000, 0.00, 0.00
13404,-0.20,-0.87,9.62,1.00,-0.05,0.00,-0.00,0.01,5.34,-0.12,10.60,0.00,0,2,1003.27,33.62,88.93,1003.32,33.22,88.36,10.00,0.00,0.00,0.00,0.00,0.00,0.00,0.00,8445,0.00,0.00,0.00,0.00,0.00,0.00,0.00,0.00,0.00,0.00,2,36,52,9, 0.0000000, 0.0000000, 0.00, 0.00
13465,-0.11,-0.92,9.18,1.00,-0.05,0.00,-0.00,0.02,5.33,-0.12,10.60,0.00,0,2,1003.27,33.62,88.93,1003.32,33.22,88.35,10.00,0.00,0.00,0.00,0.00,0.00,0.00,0.00,8445,0.00,0.00,0.00,0.00,0.00,0.00,0.00,0.00,0.00,0.00,2,36,52,9, 0.0000000, 0.0000000, 0.00, 0.00
13524,0.04,-0.91,9.44,1.00,-0.05,0.00,-0.00,0.02,5.33,-0.12,10.60,0.00,0,2,1003.28,33.64,88.88,1003.33,33.24,88.34,10.00,0.00,0.00,0.00,0.00,0.00,0.00,0.00,8445,0.00,0.00,0.00,0.00,0.00,0.00,0.00,0.00,0.00,0.00,2,36,52,9, 0.0000000, 0.0000000, 0.00, 0.00
13584,-0.05,-0.85,9.48,1.00,-0.05,0.00,-0.00,0.02,5.33,-0.12,10.60,0.00,0,2,1003.28,33.64,88.86,1003.33,33.22,88.27,10.00,0.00,0.00,0.00,0.00,0.00,0.00,0.00,8445,0.00,0.00,0.00,0.00,0.00,0.00,0.00,0.00,0.00,0.00,2,36,52,9, 0.0000000, 0.0000000, 0.00, 0.00
13644,0.11,-0.85,9.64,1.00,-0.05,0.00,-0.00,0.02,5.35,-0.12,10.60,0.00,0,2,1003.28,33.62,88.89,1003.32,33.22,88.43,10.00,0.00,0.00,0.00,0.00,0.00,0.00,0.00,8445,0.00,0.00,0.00,0.00,0.00,0.00,0.00,0.00,0.00,0.00,2,36,52,9, 0.0000000, 0.0000000, 0.00, 0.00
13709,-0.12,-0.99,9.51,1.00,-0.05,0.00,-0.00,0.02,5.35,-0.12,10.60,0.00,0,2,1003.28,33.62,88.90,1003.32,33.22,88.39,10.00,0.00,0.00,0.00,0.00,0.00,0.00,0.00,8445,0.00,0.00,0.00,0.00,0.00,0.00,0.00,0.00,0.00,0.00,2,36,52,9, 0.0000000, 0.0000000, 0.00, 0.00
13770,0.00,-0.83,9.63,1.00,-0.05,0.00,-0.00,0.02,5.35,-0.12,10.60,0.00,0,2,1003.27,33.63,88.92,1003.32,33.22,88.40,10.00,0.00,0.00,0.00,0.00,0.00,0.00,0.00,8444,0.00,0.00,0.00,0.00,0.00,0.00,0.00,0.00,0.00,0.00,2,36,52,9, 0.0000000, 0.0000000, 0.00, 0.00
13827,0.01,-0.90,9.64,1.00,-0.05,0.00,-0.00,0.02,5.35,-0.12,10.60,0.00,0,2,1003.27,33.62,88.91,1003.32,33.21,88.44,10.00,0.00,0.00,0.00,0.00,0.00,0.00,0.00,8445,0.00,0.00,0.00,0.00,0.00,0.00,0.00,0.00,0.00,0.00,2,36,52,9, 0.0000000, 0.0000000, 0.00, 0.00
13889,0.02,-0.87,9.65,1.00,-0.05,0.00,-0.00,0.02,5.35,-0.12,10.61,0.00,0,2,1003.27,33.62,88.95,1003.31,33.21,88.47,10.00,0.00,0.00,0.00,0.00,0.00,0.00,0.00,8444,0.00,0.00,0.00,0.00,0.00,0.00,0.00,0.00,0.00,0.00,2,36,52,9, 0.0000000, 0.0000000, 0.00, 0.00
13948,-0.01,-0.87,9.50,1.00,-0.05,0.00,-0.00,0.02,5.35,-0.12,10.62,0.00,0,2,1003.27,33.61,88.95,1003.31,33.19,88.46,10.00,0.00,0.00,0.00,0.00,0.00,0.00,0.00,8444,0.00,0.00,0.00,0.00,0.00,0.00,0.00,0.00,0.00,0.00,2,36,52,9, 0.0000000, 0.0000000, 0.00, 0.00
14009,-0.06,-0.93,9.50,1.00,-0.05,0.00,-0.00,0.02,5.35,-0.12,10.65,0.00,0,2,1003.28,33.62,88.89,1003.31,33.20,88.49,10.00,0.00,0.00,0.00,0.00,0.00,0.00,0.00,8444,0.00,0.00,0.00,0.00,0.00,0.00,0.00,0.00,0.00,0.00,2,36,52,9, 0.0000000, 0.0000000, 0.00, 0.00
14070,-0.11,-0.85,9.53,1.00,-0.05,0.00,-0.00,0.02,5.35,-0.12,10.62,0.00,0,2,1003.28,33.62,88.90,1003.30,33.19,88.47,10.00,0.00,0.00,0.00,0.00,0.00,0.00,0.00,8445,0.00,0.00,0.00,0.00,0.00,0.00,0.00,0.00,0.00,0.00,2,36,52,9, 0.0000000, 0.0000000, 0.00, 0.00
14127,-0.02,-0.87,9.31,1.00,-0.05,0.00,-0.00,0.02,5.35,-0.12,10.61,0.00,0,2,1003.28,33.62,88.88,1003.31,33.19,88.42,10.00,0.00,0.00,0.00,0.00,0.00,0.00,0.00,8445,0.00,0.00,0.00,0.00,0.00,0.00,0.00,0.00,0.00,0.00,2,36,52,9, 0.0000000, 0.0000000, 0.00, 0.00
14188,-0.13,-0.87,9.39,1.00,-0.05,0.00,-0.00,0.02,5.35,-0.12,10.61,0.00,0,2,1003.27,33.60,88.91,1003.32,33.20,88.39,10.00,0.00,0.00,0.00,0.00,0.00,0.00,0.00,8444,0.00,0.00,0.00,0.00,0.00,0.00,0.00,0.00,0.00,0.00,2,36,52,9, 0.0000000, 0.0000000, 0.00, 0.00
14248,0.01,-0.90,9.60,1.00,-0.05,0.00,-0.00,0.01,5.35,-0.12,10.60,0.00,0,2,1003.28,33.62,88.90,1003.31,33.19,88.44,10.00,0.00,0.00,0.00,0.00,0.00,0.00,0.00,8445,0.00,0.00,0.00,0.00,0.00,0.00,0.00,0.00,0.00,0.00,2,36,52,9, 0.0000000, 0.0000000, 0.00, 0.00
14309,-0.01,-0.80,9.50,1.00,-0.05,0.00,-0.00,0.01,5.35,-0.12,10.61,0.00,0,2,1003.28,33.62,88.88,1003.31,33.18,88.47,10.00,0.00,0.00,0.00,0.00,0.00,0.00,0.00,8444,0.00,0.00,0.00,0.00,0.00,0.00,0.00,0.00,0.00,0.00,2,36,52,9, 0.0000000, 0.0000000, 0.00, 0.00
14370,0.14,-0.81,9.58,1.00,-0.05,0.00,-0.00,0.01,5.35,-0.12,10.60,0.00,0,2,1003.28,33.62,88.88,1003.31,33.18,88.46,10.00,0.00,0.00,0.00,0.00,0.00,0.00,0.00,8445,0.00,0.00,0.00,0.00,0.00,0.00,0.00,0.00,0.00,0.00,2,36,52,9, 0.0000000, 0.0000000, 0.00, 0.00
14427,-0.08,-0.91,9.53,1.00,-0.05,0.00,-0.00,0.01,5.35,-0.12,10.60,0.00,0,2,1003.28,33.63,88.87,1003.31,33.18,88.49,10.00,0.00,0.00,0.00,0.00,0.00,0.00,0.00,8444,0.00,0.00,0.00,0.00,0.00,0.00,0.00,0.00,0.00,0.00,2,36,52,9, 0.0000000, 0.0000000, 0.00, 0.00
14488,-0.26,-0.87,9.59,1.00,-0.05,0.00,-0.00,0.00,5.32,-0.12,10.60,0.00,0,2,1003.28,33.63,88.87,1003.30,33.17,88.58,10.00,0.00,0.00,0.00,0.00,0.00,0.00,0.00,8445,0.00,0.00,0.00,0.00,0.00,0.00,0.00,0.00,0.00,0.00,2,36,53,9, 0.0000000, 0.0000000, 0.00, 0.00
14549,-0.08,-0.78,9.57,1.00,-0.05,0.00,-0.00,0.00,5.32,-0.12,10.60,0.00,0,2,1003.28,33.62,88.88,1003.30,33.18,88.58,10.00,0.00,0.00,0.00,0.00,0.00,0.00,0.00,8445,0.00,0.00,0.00,0.00,0.00,0.00,0.00,0.00,0.00,0.00,2,36,53,9, 0.0000000, 0.0000000, 0.00, 0.00
14609,-0.05,-0.77,9.64,1.00,-0.05,0.00,-0.00,0.00,5.32,-0.12,10.60,0.00,0,2,1003.28,33.62,88.89,1003.30,33.19,88.52,10.00,0.00,0.00,0.00,0.00,0.00,0.00,0.00,8444,0.00,0.00,0.00,0.00,0.00,0.00,0.00,0.00,0.00,0.00,2,36,53,9, 0.0000000, 0.0000000, 0.00, 0.00
14669,0.39,-0.89,9.29,1.00,-0.05,0.00,-0.00,-0.01,5.32,-0.12,10.60,0.00,0,2,1003.28,33.62,88.89,1003.32,33.18,88.38,10.00,0.00,0.00,0.00,0.00,0.00,0.00,0.00,8445,0.00,0.00,0.00,0.00,0.00,0.00,0.00,0.00,0.00,0.00,2,36,53,9, 0.0000000, 0.0000000, 0.00, 0.00
14730,-0.17,-0.95,9.52,1.00,-0.05,-0.00,-0.00,-0.01,5.31,-0.12,10.60,0.00,0,2,1003.28,33.62,88.88,1003.30,33.17,88.57,10.00,0.00,0.00,0.00,0.00,0.00,0.00,0.00,8444,0.00,0.00,0.00,0.00,0.00,0.00,0.00,0.00,0.00,0.00,2,36,53,9, 0.0000000, 0.0000000, 0.00, 0.00
14790,0.07,-0.90,9.80,1.00,-0.05,-0.00,-0.00,-0.02,5.32,-0.12,10.60,0.00,0,2,1003.27,33.62,88.91,1003.30,33.18,88.58,10.00,0.00,0.00,0.00,0.00,0.00,0.00,0.00,8445,0.00,0.00,0.00,0.00,0.00,0.00,0.00,0.00,0.00,0.00,2,36,53,9, 0.0000000, 0.0000000, 0.00, 0.00
14850,-0.06,-0.87,9.61,1.00,-0.05,0.00,-0.00,-0.01,5.32,-0.12,10.60,0.00,0,2,1003.28,33.62,88.85,1003.29,33.18,88.60,10.00,0.00,0.00,0.00,0.00,0.00,0.00,0.00,8445,0.00,0.00,0.00,0.00,0.00,0.00,0.00,0.00,0.00,0.00,2,36,53,9, 0.0000000, 0.0000000, 0.00, 0.00
14910,0.06,-0.97,9.17,1.00,-0.05,-0.00,-0.00,-0.01,5.31,-0.12,10.60,0.00,0,2,1003.28,33.61,88.87,1003.30,33.18,88.54,10.00,0.00,0.00,0.00,0.00,0.00,0.00,0.00,8444,0.00,0.00,0.00,0.00,0.00,0.00,0.00,0.00,0.00,0.00,2,36,53,9, 0.0000000, 0.0000000, 0.00, 0.00
14970,-0.14,-1.13,9.41,1.00,-0.05,-0.00,-0.00,-0.05,5.33,-0.12,10.60,0.00,0,2,1003.28,33.63,88.84,1003.30,33.17,88.58,10.00,0.00,0.00,0.00,0.00,0.00,0.00,0.00,8445,0.00,0.00,0.00,0.00,0.00,0.00,0.00,0.00,0.00,0.00,2,36,53,9, 0.0000000, 0.0000000, 0.00, 0.00
15038,-0.31,-0.65,9.59,1.00,-0.05,-0.00,-0.00,-0.05,5.32,-0.12,10.60,0.00,1,2,1003.28,33.64,88.82,1003.29,33.17,88.60,10.00,0.00,0.00,0.00,0.00,0.00,0.00,0.00,8443,0.00,0.00,0.00,0.00,0.00,0.00,0.00,0.00,0.00,0.00,2,36,53,9, 0.0000000, 0.0000000, 0.00, 0.00
15099,-0.05,-0.83,9.64,1.00,-0.05,-0.00,-0.00,-0.01,5.29,-0.12,10.60,0.00,1,2,1003.28,33.63,88.84,1003.31,33.17,88.47,10.00,0.00,0.00,0.00,0.00,0.00,0.00,0.00,8445,0.00,0.00,0.00,0.00,0.00,0.00,0.00,0.00,0.00,0.00,2,36,53,9, 0.0000000, 0.0000000, 0.00, 0.00
15160,-0.04,-0.91,9.54,1.00,-0.05,-0.00,-0.00,-0.01,5.28,-0.12,10.60,0.00,1,2,1003.28,33.63,88.83,1003.29,33.16,88.62,10.00,0.00,0.00,0.00,0.00,0.00,0.00,0.00,8444,0.00,0.00,0.00,0.00,0.00,0.00,0.00,0.00,0.00,0.00,2,36,53,9, 0.0000000, 0.0000000, 0.00, 0.00
15220,0.08,-1.01,9.63,1.00,-0.05,0.00,-0.00,-0.01,5.29,-0.12,10.60,0.00,1,2,1003.28,33.64,88.82,1003.29,33.17,88.67,10.00,0.00,0.00,0.00,0.00,0.00,0.00,0.00,8445,0.00,0.00,0.00,0.00,0.00,0.00,0.00,0.00,0.00,0.00,2,36,54,9, 0.0000000, 0.0000000, 0.00, 0.00
15276,0.07,-0.95,9.60,1.00,-0.05,-0.00,-0.00,-0.01,5.29,-0.12,10.60,0.00,1,2,1003.27,33.63,88.94,1003.28,33.15,88.76,10.00,0.00,0.00,0.00,0.00,0.00,0.00,0.00,8445,0.00,0.00,0.00,0.00,0.00,0.00,0.00,0.00,0.00,0.00,2,36,54,9, 0.0000000, 0.0000000, 0.00, 0.00
15337,-0.04,-0.97,9.47,1.00,-0.05,-0.00,-0.00,-0.01,5.30,-0.12,10.60,0.00,1,2,1003.27,33.63,88.91,1003.28,33.15,88.72,10.00,0.00,0.00,0.00,0.00,0.00,0.00,0.00,8445,0.00,0.00,0.00,0.00,0.00,0.00,0.00,0.00,0.00,0.00,2,36,54,9, 0.0000000, 0.0000000, 0.00, 0.00
15395,0.01,-0.60,9.88,1.00,-0.05,-0.00,-0.00,-0.01,5.30,-0.12,10.62,0.00,1,2,1003.28,33.64,88.88,1003.28,33.16,88.71,10.00,0.00,0.00,0.00,0.00,0.00,0.00,0.00,8444,0.00,0.00,0.00,0.00,0.00,0.00,0.00,0.00,0.00,0.00,2,36,54,9, 0.0000000, 0.0000000, 0.00, 0.00
15458,-0.04,-0.94,9.55,1.00,-0.05,0.00,-0.00,-0.01,5.28,-0.12,10.61,0.00,1,2,1003.27,33.63,88.92,1003.29,33.15,88.61,10.00,0.00,0.00,0.00,0.00,0.00,0.00,0.00,8445,0.00,0.00,0.00,0.00,0.00,0.00,0.00,0.00,0.00,0.00,2,36,54,9, 0.0000000, 0.0000000, 0.00, 0.00
15519,0.08,-0.85,9.46,1.00,-0.05,0.00,-0.00,0.00,5.28,-0.12,10.61,0.00,1,2,1003.27,33.64,88.91,1003.29,33.15,88.68,10.00,0.00,0.00,0.00,0.00,0.00,0.00,0.00,8445,0.00,0.00,0.00,0.00,0.00,0.00,0.00,0.00,0.00,0.00,2,36,54,9, 0.0000000, 0.0000000, 0.00, 0.00
15576,0.03,-0.92,9.46,1.00,-0.05,0.00,-0.00,-0.01,5.28,-0.12,10.62,0.00,1,2,1003.27,33.62,88.91,1003.28,33.15,88.59,10.00,0.00,0.00,0.00,0.00,0.00,0.00,0.00,8444,0.00,0.00,0.00,0.00,0.00,0.00,0.00,0.00,0.00,0.00,2,36,54,30, 0.0000000, 0.0000000, 0.00, 0.00
15639,0.03,-1.05,9.27,1.00,-0.05,0.00,-0.00,0.01,5.30,-0.12,10.62,0.00,1,2,1003.28,33.64,88.90,1003.31,33.15,88.43,10.00,0.00,0.00,0.00,0.00,0.00,0.00,0.00,8445,0.00,0.00,0.00,0.00,0.00,0.00,0.00,0.00,0.00,0.00,2,36,54,30, 0.0000000, 0.0000000, 0.00, 0.00
15699,-0.02,-0.69,9.64,1.00,-0.05,0.00,-0.00,0.01,5.29,-0.12,10.61,0.00,1,2,1003.28,33.64,88.88,1003.31,33.15,88.49,10.00,0.00,0.00,0.00,0.00,0.00,0.00,0.00,8444,0.00,0.00,0.00,0.00,0.00,0.00,0.00,0.00,0.00,0.00,2,36,54,30, 0.0000000, 0.0000000, 0.00, 0.00
15759,0.06,-0.84,9.67,1.00,-0.05,0.00,-0.00,0.02,5.28,-0.12,10.60,0.00,1,2,1003.28,33.64,88.86,1003.31,33.15,88.48,10.00,0.00,0.00,0.00,0.00,0.00,0.00,0.00,8444,0.00,0.00,0.00,0.00,0.00,0.00,0.00,0.00,0.00,0.00,2,36,54,30, 0.0000000, 0.0000000, 0.00, 0.00
15820,0.06,-0.87,9.36,1.00,-0.05,0.00,-0.00,0.04,5.28,-0.12,10.60,0.00,1,2,1003.28,33.64,88.86,1003.31,33.15,88.48,10.00,0.00,0.00,0.00,0.00,0.00,0.00,0.00,8445,0.00,0.00,0.00,0.00,0.00,0.00,0.00,0.00,0.00,0.00,2,36,54,30, 0.0000000, 0.0000000, 0.00, 0.00
15880,0.20,-0.91,9.68,1.00,-0.05,0.00,-0.00,0.04,5.28,-0.12,10.60,0.00,1,2,1003.28,33.64,88.86,1003.31,33.14,88.49,10.00,0.00,0.00,0.00,0.00,0.00,0.00,0.00,8445,0.00,0.00,0.00,0.00,0.00,0.00,0.00,0.00,0.00,0.00,2,36,54,30, 0.0000000, 0.0000000, 0.00, 0.00
15939,0.02,-0.73,9.36,1.00,-0.05,0.00,-0.00,0.03,5.28,-0.12,10.60,0.00,1,2,1003.28,33.65,88.89,1003.31,33.13,88.47,10.00,0.00,0.00,0.00,0.00,0.00,0.00,0.00,8445,0.00,0.00,0.00,0.00,0.00,0.00,0.00,0.00,0.00,0.00,2,36,54,30, 0.0000000, 0.0000000, 0.00, 0.00
15999,0.09,-1.01,9.36,1.00,-0.05,0.00,-0.00,0.00,5.25,-0.15,10.62,0.00,1,2,1003.27,33.65,88.97,1003.30,33.14,88.56,10.00,0.00,0.00,0.00,0.00,0.00,0.00,0.00,8444,0.00,0.00,0.00,0.00,0.00,0.00,0.00,0.00,0.00,0.00,2,36,54,30, 0.0000000, 0.0000000, 0.00, 0.00
16059,-0.14,-0.83,9.55,1.00,-0.05,0.00,-0.00,-0.00,5.25,-0.20,10.68,0.00,1,2,1003.26,33.64,89.02,1003.29,33.14,88.59,10.00,0.00,0.00,0.00,0.00,0.00,0.00,0.00,8444,0.00,0.00,0.00,0.00,0.00,0.00,0.00,0.00,0.00,0.00,2,36,54,30, 0.0000000, 0.0000000, 0.00, 0.00
16120,-0.11,-0.94,9.45,1.00,-0.05,0.00,-0.00,0.01,5.26,-0.21,10.70,0.00,1,2,1003.27,33.65,88.97,1003.30,33.13,88.56,10.00,0.00,0.00,0.00,0.00,0.00,0.00,0.00,8445,0.00,0.00,0.00,0.00,0.00,0.00,0.00,0.00,0.00,0.00,2,36,54,30, 0.0000000, 0.0000000, 0.00, 0.00
16177,0.02,-1.17,9.28,1.00,-0.05,0.00,-0.00,0.05,5.29,-0.21,10.70,0.00,1,2,1003.27,33.64,88.96,1003.29,33.13,88.59,10.00,0.00,0.00,0.00,0.00,0.00,0.00,0.00,8444,0.00,0.00,0.00,0.00,0.00,0.00,0.00,0.00,0.00,0.00,2,36,54,30, 0.0000000, 0.0000000, 0.00, 0.00
16239,-0.16,-0.90,9.43,1.00,-0.05,0.00,-0.00,0.05,5.28,-0.21,10.65,0.00,1,2,1003.28,33.65,88.88,1003.29,33.14,88.60,10.00,0.00,0.00,0.00,0.00,0.00,0.00,0.00,8446,0.00,0.00,0.00,0.00,0.00,0.00,0.00,0.00,0.00,0.00,2,36,54,30, 0.0000000, 0.0000000, 0.00, 0.00
16299,0.04,-0.92,9.50,1.00,-0.05,0.00,-0.00,0.07,5.28,-0.21,10.61,0.00,1,2,1003.28,33.64,88.88,1003.29,33.12,88.61,10.00,0.00,0.00,0.00,0.00,0.00,0.00,0.00,8445,0.00,0.00,0.00,0.00,0.00,0.00,0.00,0.00,0.00,0.00,2,36,54,30, 0.0000000, 0.0000000, 0.00, 0.00
16358,0.03,-0.79,9.50,1.00,-0.05,0.00,-0.00,0.06,5.28,-0.21,10.60,0.00,1,2,1003.28,33.64,88.88,1003.29,33.12,88.61,10.00,0.00,0.00,0.00,0.00,0.00,0.00,0.00,8445,0.00,0.00,0.00,0.00,0.00,0.00,0.00,0.00,0.00,0.00,2,36,54,30, 0.0000000, 0.0000000, 0.00, 0.00
16419,-0.01,-1.03,9.56,1.00,-0.05,0.00,-0.00,0.06,5.29,-0.21,10.60,0.00,1,2,1003.28,33.64,88.88,1003.31,33.13,88.46,10.00,0.00,0.00,0.00,0.00,0.00,0.00,0.00,8444,0.00,0.00,0.00,0.00,0.00,0.00,0.00,0.00,0.00,0.00,2,36,55,30, 0.0000000, 0.0000000, 0.00, 0.00
16478,0.96,-1.17,9.39,1.00,-0.05,0.00,-0.00,0.06,5.29,-0.21,10.60,0.00,1,2,1003.28,33.64,88.85,1003.32,33.12,88.51,10.00,0.00,0.00,0.00,0.00,0.00,0.00,0.00,8444,0.00,0.00,0.00,0.00,0.00,0.00,0.00,0.00,0.00,0.00,2,36,55,30, 0.0000000, 0.0000000, 0.00, 0.00
16538,-0.11,-0.52,9.42,1.00,-0.05,0.00,-0.00,0.06,5.29,-0.19,10.60,0.00,1,2,1003.28,33.64,88.85,1003.30,33.11,88.56,10.00,0.00,0.00,0.00,0.00,0.00,0.00,0.00,8443,0.00,0.00,0.00,0.00,0.00,0.00,0.00,0.00,0.00,0.00,2,36,55,30, 0.0000000, 0.0000000, 0.00, 0.00
16598,0.06,-0.98,9.41,1.00,-0.05,0.00,-0.00,0.07,5.28,-0.17,10.60,0.00,1,2,1003.28,33.64,88.86,1003.29,33.12,88.60,10.00,0.00,0.00,0.00,0.00,0.00,0.00,0.00,8445,0.00,0.00,0.00,0.00,0.00,0.00,0.00,0.00,0.00,0.00,2,36,55,30, 0.0000000, 0.0000000, 0.00, 0.00
16658,0.21,-0.81,9.43,1.00,-0.05,0.00,-0.00,0.06,5.28,-0.17,10.60,0.00,1,2,1003.28,33.64,88.84,1003.30,33.12,88.55,10.00,0.00,0.00,0.00,0.00,0.00,0.00,0.00,8443,0.00,0.00,0.00,0.00,0.00,0.00,0.00,0.00,0.00,0.00,2,36,55,30, 0.0000000, 0.0000000, 0.00, 0.00
16718,-0.11,-0.93,9.47,1.00,-0.05,0.00,-0.00,0.06,5.28,-0.17,10.60,0.00,1,2,1003.28,33.63,88.89,1003.30,33.10,88.53,10.00,0.00,0.00,0.00,0.00,0.00,0.00,0.00,8445,0.00,0.00,0.00,0.00,0.00,0.00,0.00,0.00,0.00,0.00,2,36,55,30, 0.0000000, 0.0000000, 0.00, 0.00
16775,-0.25,-0.64,9.38,1.00,-0.05,0.00,-0.00,0.07,5.23,-0.17,10.60,0.00,1,2,1003.28,33.62,88.89,1003.30,33.11,88.53,10.00,0.00,0.00,0.00,0.00,0.00,0.00,0.00,8444,0.00,0.00,0.00,0.00,0.00,0.00,0.00,0.00,0.00,0.00,2,36,55,30, 0.0000000, 0.0000000, 0.00, 0.00
16837,-0.10,-1.02,9.46,1.00,-0.05,0.00,-0.00,0.08,5.21,-0.17,10.62,0.00,1,2,1003.28,33.62,88.89,1003.30,33.11,88.57,10.00,0.00,0.00,0.00,0.00,0.00,0.00,0.00,8444,0.00,0.00,0.00,0.00,0.00,0.00,0.00,0.00,0.00,0.00,2,36,55,30, 0.0000000, 0.0000000, 0.00, 0.00
16895,0.05,-0.87,9.79,1.00,-0.04,0.00,-0.00,0.07,5.12,-0.17,10.62,0.00,1,2,1003.27,33.62,88.91,1003.29,33.13,88.59,10.00,0.00,0.00,0.00,0.00,0.00,0.00,0.00,8445,0.00,0.00,0.00,0.00,0.00,0.00,0.00,0.00,0.00,0.00,2,36,55,30, 0.0000000, 0.0000000, 0.00, 0.00
16951,-0.09,-0.94,9.33,1.00,-0.04,0.00,-0.00,0.08,5.12,-0.14,10.60,0.00,1,2,1003.28,33.62,88.83,1003.30,33.10,88.53,0.04,0.00,0.00,0.00,0.00,0.00,0.00,0.00,8445,0.00,0.00,0.00,0.00,0.00,0.00,0.00,0.00,0.00,0.00,2,36,55,30, 0.0000000, 0.0000000, 0.00, 0.00
17008,0.22,-0.97,9.93,1.00,-0.04,0.00,-0.00,0.09,5.09,-0.10,10.60,0.00,3,2,1003.28,33.61,88.88,1003.30,33.11,88.55,0.03,0.00,0.00,0.00,0.00,0.00,0.00,0.00,8444,0.00,0.00,0.00,0.00,0.00,0.00,0.00,0.00,0.00,0.00,2,36,55,30, 0.0000000, 0.0000000, 0.00, 0.00
17060,-0.08,-0.74,9.46,1.00,-0.04,0.00,-0.00,0.10,5.13,-0.10,10.60,0.00,3,2,1003.28,33.62,88.85,1003.30,33.10,88.49,0.04,0.00,0.00,0.00,0.00,0.00,0.00,0.00,8445,0.00,0.00,0.00,0.00,0.00,0.00,0.00,0.00,0.00,0.00,2,36,55,30, 0.0000000, 0.0000000, 0.00, 0.00
17117,-0.05,-0.70,9.23,1.00,-0.04,0.00,-0.00,0.13,5.15,-0.07,10.60,0.00,3,2,1003.27,33.61,88.92,1003.30,33.11,88.53,0.04,0.00,0.00,0.00,0.00,0.00,0.00,0.00,8445,0.00,0.00,0.00,0.00,0.00,0.00,0.00,0.00,0.00,0.00,2,36,55,30, 0.0000000, 0.0000000, 0.00, 0.00
17169,0.41,-0.75,9.84,1.00,-0.05,0.00,-0.00,0.11,5.16,-0.06,10.60,0.00,3,2,1003.28,33.60,88.88,1003.30,33.12,88.52,0.04,0.00,0.00,0.00,0.00,0.00,0.00,0.00,8445,0.00,0.00,0.00,0.00,0.00,0.00,0.00,0.00,0.00,0.00,2,36,55,30, 0.0000000, 0.0000000, 0.00, 0.00
17221,-0.10,-0.71,9.46,1.00,-0.04,0.00,-0.00,0.10,5.14,-0.06,10.62,0.00,3,2,1003.27,33.60,88.93,1003.30,33.12,88.57,0.06,0.00,0.00,0.00,0.00,0.00,0.00,0.00,8445,0.00,0.00,0.00,0.00,0.00,0.00,0.00,0.00,0.00,0.00,2,36,55,30, 0.0000000, 0.0000000, 0.00, 0.00
17278,-0.15,-1.05,9.54,1.00,-0.04,0.00,-0.00,0.10,5.15,-0.06,10.61,0.00,3,2,1003.27,33.59,88.90,1003.29,33.10,88.58,0.05,0.00,0.00,0.00,0.00,0.00,0.00,0.00,8444,0.00,0.00,0.00,0.00,0.00,0.00,0.00,0.00,0.00,0.00,2,36,55,30, 0.0000000, 0.0000000, 0.00, 0.00
17330,0.26,-0.92,10.07,1.00,-0.04,0.00,-0.00,0.07,5.13,-0.06,10.62,0.00,3,2,1003.27,33.58,88.90,1003.30,33.12,88.56,0.04,0.00,0.00,0.00,0.00,0.00,0.00,0.00,8445,0.00,0.00,0.00,0.00,0.00,0.00,0.00,0.00,0.00,0.00,2,36,55,30, 0.0000000, 0.0000000, 0.00, 0.00
17388,0.12,-0.63,9.91,1.00,-0.04,0.00,-0.00,0.10,5.13,-0.05,10.62,0.00,3,2,1003.27,33.58,88.92,1003.29,33.11,88.60,0.05,0.00,0.00,0.00,0.00,0.00,0.00,0.00,8445,0.00,0.00,0.00,0.00,0.00,0.00,0.00,0.00,0.00,0.00,2,36,55,30, 0.0000000, 0.0000000, 0.00, 0.00
17439,0.06,-0.75,9.37,1.00,-0.04,0.00,-0.00,0.12,5.14,-0.05,10.63,0.00,3,2,1003.27,33.59,88.92,1003.30,33.11,88.57,0.06,0.00,0.00,0.00,0.00,0.00,0.00,0.00,8444,0.00,0.00,0.00,0.00,0.00,0.00,0.00,0.00,0.00,0.00,2,36,55,30, 0.0000000, 0.0000000, 0.00, 0.00
17491,-0.04,-0.94,9.50,1.00,-0.04,0.00,-0.00,0.12,5.15,-0.05,10.63,0.00,3,2,1003.27,33.57,88.91,1003.30,33.10,88.59,0.05,0.00,0.00,0.00,0.00,0.00,0.00,0.00,8445,0.00,0.00,0.00,0.00,0.00,0.00,0.00,0.00,0.00,0.00,2,36,56,30, 0.0000000, 0.0000000, 0.00, 0.00
17548,-0.10,-0.96,9.40,1.00,-0.04,0.00,-0.00,0.13,5.16,-0.05,10.61,0.00,3,2,1003.28,33.59,88.88,1003.29,33.10,88.60,0.06,0.00,0.00,0.00,0.00,0.00,0.00,0.00,8444,0.00,0.00,0.00,0.00,0.00,0.00,0.00,0.00,0.00,0.00,2,36,56,30, 0.0000000, 0.0000000, 0.00, 0.00
17600,-0.08,-0.80,9.70,1.00,-0.05,0.00,-0.00,0.14,5.16,-0.05,10.60,0.00,3,2,1003.28,33.59,88.88,1003.28,33.11,88.69,0.05,0.00,0.00,0.00,0.00,0.00,0.00,0.00,8445,0.00,0.00,0.00,0.00,0.00,0.00,0.00,0.00,0.00,0.00,2,36,56,30, 0.0000000, 0.0000000, 0.00, 0.00
17655,0.02,-1.09,8.67,1.00,-0.04,0.00,-0.00,0.12,5.14,-0.05,10.60,0.00,3,2,1003.28,33.59,88.85,1003.27,33.10,88.81,0.05,0.00,0.00,0.00,0.00,0.00,0.00,0.00,8445,0.00,0.00,0.00,0.00,0.00,0.00,0.00,0.00,0.00,0.00,2,36,56,30, 0.0000000, 0.0000000, 0.00, 0.00
17709,0.02,-0.71,10.26,1.00,-0.04,0.00,-0.00,0.08,5.10,-0.04,10.60,0.00,3,2,1003.28,33.58,88.88,1003.29,33.10,88.64,0.05,0.00,0.00,0.00,0.00,0.00,0.00,0.00,8445,0.00,0.00,0.00,0.00,0.00,0.00,0.00,0.00,0.00,0.00,2,36,56,30, 0.0000000, 0.0000000, 0.00, 0.00
