Time,Latitude,Longitude,Altitude,Roll,Pitch,Yaw,AirSpeed,AoA,AoS,V_N_g,V_E_g,V_D_g,GroundSpeed
0,35.294165,136.2544683,13.03,-1.59,-0.79,-0.79,0.38,-12.28,-22.94,0,0,0,0
0.726,35.294165,136.25446665,13.385,-1.51,-1.31,-0.81,0.59,-12.19,-22.94,0,0.208017237443573,-0.492030492030493,0.534195821924343
1.994,35.2941675,136.25446,13.445,-0.83,-0.34,-2.05,4.61,-4.37,-10.1,0.502017969343337,0.823169817526745,0.53393665158371,1.10214288453678
2.931,35.29417415,136.25444585,12.99,0.17,1.98,-2.31,6.59,-0.409999999999993,-7.29000000000002,1.12162187742303,2.02749420149438,0.389768574908648,2.34961441836605
3.757,35.2941875,136.25441835,12.24,2.34,-1.6,-3.76,7.76,2.40000000000001,-3.69,2.45952515300583,4.02197730948168,1.42168674698795,4.92409978197183
4.595,35.2942167,136.25436415,10.625,3.83,10.32,-2.65,8.83,0.989999999999998,-0.610000000000014,5.30207751976569,7.79193361271165,2.44922341696535,9.7378103697249
5.442,35.2942567,136.2542958,8.71,4.32,11.41,-1.11,10.59,-0.939999999999994,7.90999999999997,5.49918081004302,7.32640890821832,2.20570012391574,9.42243971106253
6.288,35.2943075,136.25422665,7.295,3.7,3.77,-0.01,11.34,-0.849999999999991,11.52,7.28600424973908,7.10807914634598,1.11940298507463,10.2402983414024
7.278,35.2943683,136.25415335,6.93,0.86,-0.75,-0.27,11.46,-2.61,12.22,6.67009869002048,6.68073465731534,-0.32064128256513,9.44591143977924
8.327,35.2944325,136.25407335,7.45,-0.69,-1.85,-1.7,10.98,-1.73,10.2,6.89882251312158,7.16930210455081,-0.654545454545455,9.97101170824385
9.319,35.29449585,136.25398915,8.29,-1.18,-2.3,-2.07,9.94,-0.0599999999999987,8.62,6.94007561412452,7.97363309601489,-1.03004291845494,10.6209445292539
10.286,35.29455165,136.2539083,8.89,-1.4,0.56,-2.09,9.64,-0.0599999999999987,6.68000000000001,6.13425377724891,7.54853625776364,-0.24896265560166,9.7299255620148
11.616,35.29460415,136.25383165,8.86,-1.26,0.93,-1.4,9.85,0.120000000000008,2.01999999999998,3.39603737483017,3.94751539704844,0.177619893428063,5.21032594831833
12.88,35.29465665,136.2537575,8.635,-0.53,0.05,0.2,10.03,-0.59,-0.0800000000000409,7.065018811088,8.15051473233356,0.179211469534051,10.78784028218
13.721,35.2947058,136.25368085,8.41,-0.14,-0.1,1.64,9.96,-1.73,-1.31999999999999,5.92238333225596,8.44856858654172,0.355871886120997,10.3237386781637
14.566,35.29474915,136.25360085,8.33,-0.29,-0.87,3.25,10,-1.29,2.55000000000001,5.48807526064612,8.81542364571639,-0.166073546856466,10.3854823933671
15.407,35.29478915,136.25352,8.46,-0.34,-0.83,4.6,9.91,-1.2,4.21999999999997,5.01088577289293,8.58109318865476,-0.141509433962263,9.93801597207704
16.374,35.29483,136.2534375,8.465,0.01,-0.77,5.05,9.84,-1.03,4.93000000000001,4.68390630331854,7.52097404424738,0.107003891050583,8.86089604189158
17.341,35.29487335,136.25335585,8.255,0.02,-0.5,5.05,9.68,-0.409999999999993,6.24000000000001,5.01981307617414,7.44214061488972,0.3239289446186,8.98270060798431
18.277,35.2949175,136.25327835,7.87,-0.64,-0.37,5.04,9.91,-1.29,7.38999999999999,5.26087389322068,7.35151702354025,0.484720758693361,9.05298574403392
19.264,35.2949625,136.2532025,7.485,-0.5,-0.78,5.04,10.09,-0.59,7.56,5.04809844420596,6.89783096095499,0.31344792719919,8.55345658031706
20.683,35.29500915,136.253125,7.03,-0.29,-0.9,5.06,9.92,-0.59,8.25999999999999,2.88256651774168,3.91433446917248,0.322754168908015,4.87189637813703
22.002,35.29505665,136.25304415,6.605,-0.92,-1,5.61,9.81,-0.150000000000002,10.29,6.29547705844451,9.02961635188138,0.303766707168894,11.011779014671
22.827,35.29510415,136.25296415,6.375,-0.94,-0.98,5.6,9.95,-0.849999999999991,8.62,6.49538332136345,8.63285886545097,0.254545454545456,10.8065281228835
23.701,35.29515165,136.252885,6.155,-0.27,-0.84,5.6,10.1,-0.409999999999993,5.19,6.33395806953156,8.89576400347569,0.28117359413203,10.9239507790064
24.465,35.2951975,136.25280335,5.99,0.05,-1.65,5.61,10.02,-0.499999999999996,5.00999999999999,6.08108350237712,9.22886226219066,0.121802679658952,11.0528870034097
25.342,35.29524085,136.2527192,6,-0.13,-1.56,5.73,9.86,-1.03,2.63999999999999,5.2873689384955,8.83602533490666,-0.137142857142856,10.298078567099
26.271,35.29528085,136.25263335,5.995,-1.08,-0.91,6.43,9.69,0.200000000000006,0.879999999999995,4.55926124461252,8.46153279489311,0.139484978540773,9.61269246334844
27.307,35.2953175,136.25254915,5.75,-0.05,0.15,7.34,9.68,-0.31999999999999,2.81999999999999,3.40027122036972,6.50731162757254,0.315236427320489,7.34889944110852
28.291,35.29535,136.25246415,5.36,0.6,-0.18,8.39,9.88,-1.2,1.06,3.59436262174767,8.67351596459779,0.453563714902809,9.39973626695058
29.272,35.29538085,136.25237335,4.98,0.6,-1.21,9.43,9.9,0.0300000000000047,3.16999999999996,3.57781077671945,8.6332323819908,0.345879959308241,9.35163430966564
30.308,35.2954125,136.2522817,4.66,-0.02,-1.17,9.83,9.67,-1.03,5.36000000000001,3.38080367773575,7.89421388235536,0.289296046287367,8.59256297795722
31.347,35.2954425,136.25219085,4.36,0.04,-1.15,9.82,9.85,-0.59,5.53999999999996,2.87225729105053,7.60339713819771,0.273473108477666,8.13242261126453
32.334,35.29547085,136.2521,4.04,-0.09,-0.5,9.82,9.37,-0.680000000000003,5.80000000000001,3.58421422643619,9.34508419415529,0.388127853881279,10.0163782600198
33.264,35.29549915,136.2520075,3.605,-0.24,-0.17,9.82,9.54,0.379999999999999,5.00999999999999,3.18112632092341,8.75489852729065,0.536980749746706,9.33038912470569
34.308,35.2955258,136.2519125,3.175,-0.45,-0.65,9.82,9.81,-0.239999999999991,1.94,2.52839553625543,7.87701169914269,0.300820419325433,8.27832049517716
35.348,35.2955483,136.25181665,2.895,-0.09,-0.96,9.82,9.98,-1.2,0.96999999999997,2.3681109203223,9.38709607059079,0.24546424759872,9.68430558513619
36.284,35.2955658,136.25172165,2.7,-0.27,-1.02,9.83,9.83,-1.37999999999999,0.089999999999975,1.69469445333264,8.64200331325054,0.162932790224032,8.8081074953999
37.217,35.29557915,136.2516275,2.605,-0.42,-0.92,9.84,9.81,-1.54999999999999,-1.23000000000002,1.38682496470847,9.23191822699984,0.0320512820512823,9.33555702234375
38.259,35.29558915,136.25153335,2.445,-0.81,0.18,10.2,9.62,-0.939999999999994,-0.879999999999995,0.839427327022437,7.73604782731579,0.264357338195077,7.78594625117121
39.634,35.29559665,136.25144,1.92,-1.12,-0.21,10.18,9.72,-1.12,-0.170000000000016,0.451877314526859,5.16446168074156,0.462006079027355,5.20473891528577
41.004,35.29560335,136.2513458,1.51,-0.63,-0.56,10.18,9.49,-0.499999999999996,-1.40000000000003,0.64247034126344,7.46851566160136,0.0518582541054453,7.49627798347332
42.046,35.29560835,136.25125,1.395,-0.85,-0.89,10.18,9.66,0.29000000000001,-1.31999999999999,0.447035155602095,10.7284563525478,0.207570207570207,10.7397719496244
42.82,35.29560835,136.25115335,1.205,-0.92,-1,10.18,9.89,-1.2,-1.84000000000003,0.442176077448699,10.6228276085783,0.253623188405798,10.6350510486193
43.641,35.29560335,136.25105665,1.11,-0.86,-1.05,10.44,10.29,-1.90999999999999,-0.350000000000023,0.904304361277253,10.700366928804,-0.0243309002433089,10.738538577552
44.515,35.29559665,136.25096,1.19,-1.5,-1.69,11.15,9.89,-1.37999999999999,0.789999999999964,0.9076168285935,10.7284572364846,-0.17094017094017,10.7681374213309
45.393,35.2955883,136.250865,1.385,-1.39,-1.73,11.19,9.8,-1.54999999999999,0.620000000000005,1.1263553041486,8.62491316434935,-0.253807106598985,8.70185160819871
46.328,35.2955783,136.2507733,1.53,-1.29,-1.38,11.2,9.37,-0.59,0.529999999999973,1.18785864009124,8.76475482469533,-0.0428265524625269,8.84498555111626
47.307,35.29556415,136.250685,1.385,-1.15,-0.32,11.19,9.26,-0.150000000000002,-0.699999999999989,2.07386286322971,8.0459882231408,0.337078651685394,8.31579555303195
48.286,35.29554415,136.25059835,0.94,-0.97,-0.44,11.18,9.38,-0.31999999999999,-1.05000000000001,2.32162789244688,7.60474456564715,0.540019286403086,7.96954934795026
49.332,35.2955225,136.25051335,0.525,-1.18,-2.6,11.2,9.74,-0.499999999999996,-2.02000000000004,2.41575959306165,7.63796625680539,0.272177419354838,8.01551642124036
50.319,35.2954967,136.2504292,0.425,-1.22,-4.8,11.22,9.41,-0.59,-0.79000000000002,3.55976456449193,8.26897799468276,-0.0748663101604282,9.00297316421399
51.316,35.295465,136.2503467,0.57,-1.38,-3.93,11.27,9.31,-0.680000000000003,0.529999999999973,3.35044867659847,6.57929775821364,-0.198915009041591,7.38594831464298
52.307,35.29543,136.2502642,0.695,-1.53,-3.58,11.27,9.08,0.819999999999997,0.089999999999975,4.36626171397286,8.31344135364216,-0.0322580645161289,9.39034552495696
53.239,35.2953967,136.25018085,0.61,-2.3,-3.37,11.23,8.76,0.470000000000002,-1.23000000000002,3.54837933279687,7.92253695792701,0.21321961620469,8.68349298058528
54.232,35.295365,136.25009915,0.345,-2.19,-5.12,10.81,8.8,0.379999999999999,-2.11000000000001,3.74302643850514,7.50640647141145,0.333333333333335,8.39449201229635
55.273,35.2953283,136.25002415,0.195,-1.82,-10.02,10.85,8.7,2.84000000000001,-3.34000000000003,4.03807070126791,5.65286228907041,-0.02729754322111,6.94705780913752
56.318,35.29529,136.24995585,0.275,-1.77,-11.28,10.88,8.66,2.05,-5.62,4.09750080919585,6.26891898303094,-0.131180625630676,7.49039828405053
57.254,35.29525335,136.24989,0.27,-2.31,-13.62,10.68,8.27,4.69,-5.97000000000003,4.37819126419448,6.20086266653674,0.150537634408602,7.59222748174021
